eqtl	/Users/em21/Projects/genetics-finemapping/example_data/sumstats/molecular_trait/CEDAR.parquet	/Users/em21/Projects/reference_data/uk10k_2019Feb/3_liftover_to_GRCh38/output/{chrom}.ALSPAC_TWINSUK.maf01.beagle.csq.shapeit.20131101	CEDAR	ILMN_1810875	MONOCYTE_CD14	22	/Users/em21/Projects/genetics-finemapping/output/study_id=CEDAR/phenotype_id=ILMN_1810875/biofeature=MONOCYTE_CD14/chrom=22/top_loci.json	/Users/em21/Projects/genetics-finemapping/output/study_id=CEDAR/phenotype_id=ILMN_1810875/biofeature=MONOCYTE_CD14/chrom=22/credible_set.json	/Users/em21/Projects/genetics-finemapping/log/study_id=CEDAR/phenotype_id=ILMN_1810875/biofeature=MONOCYTE_CD14/chrom=22/logfile.txt	/Users/em21/Projects/genetics-finemapping/log/study_id=CEDAR/phenotype_id=ILMN_1810875/biofeature=MONOCYTE_CD14/chrom=22	conditional	9.048136083966704e-06
eqtl	/Users/em21/Projects/genetics-finemapping/example_data/sumstats/molecular_trait/CEDAR.parquet	/Users/em21/Projects/reference_data/uk10k_2019Feb/3_liftover_to_GRCh38/output/{chrom}.ALSPAC_TWINSUK.maf01.beagle.csq.shapeit.20131101	CEDAR	ILMN_2335704	MONOCYTE_CD14	22	/Users/em21/Projects/genetics-finemapping/output/study_id=CEDAR/phenotype_id=ILMN_2335704/biofeature=MONOCYTE_CD14/chrom=22/top_loci.json	/Users/em21/Projects/genetics-finemapping/output/study_id=CEDAR/phenotype_id=ILMN_2335704/biofeature=MONOCYTE_CD14/chrom=22/credible_set.json	/Users/em21/Projects/genetics-finemapping/log/study_id=CEDAR/phenotype_id=ILMN_2335704/biofeature=MONOCYTE_CD14/chrom=22/logfile.txt	/Users/em21/Projects/genetics-finemapping/log/study_id=CEDAR/phenotype_id=ILMN_2335704/biofeature=MONOCYTE_CD14/chrom=22	conditional	6.616382162233691e-06
eqtl	/Users/em21/Projects/genetics-finemapping/example_data/sumstats/molecular_trait/CEDAR.parquet	/Users/em21/Projects/reference_data/uk10k_2019Feb/3_liftover_to_GRCh38/output/{chrom}.ALSPAC_TWINSUK.maf01.beagle.csq.shapeit.20131101	CEDAR	ILMN_1684349	MONOCYTE_CD14	22	/Users/em21/Projects/genetics-finemapping/output/study_id=CEDAR/phenotype_id=ILMN_1684349/biofeature=MONOCYTE_CD14/chrom=22/top_loci.json	/Users/em21/Projects/genetics-finemapping/output/study_id=CEDAR/phenotype_id=ILMN_1684349/biofeature=MONOCYTE_CD14/chrom=22/credible_set.json	/Users/em21/Projects/genetics-finemapping/log/study_id=CEDAR/phenotype_id=ILMN_1684349/biofeature=MONOCYTE_CD14/chrom=22/logfile.txt	/Users/em21/Projects/genetics-finemapping/log/study_id=CEDAR/phenotype_id=ILMN_1684349/biofeature=MONOCYTE_CD14/chrom=22	conditional	6.724949562878279e-06
eqtl	/Users/em21/Projects/genetics-finemapping/example_data/sumstats/molecular_trait/CEDAR.parquet	/Users/em21/Projects/reference_data/uk10k_2019Feb/3_liftover_to_GRCh38/output/{chrom}.ALSPAC_TWINSUK.maf01.beagle.csq.shapeit.20131101	CEDAR	ILMN_2372413	MONOCYTE_CD14	22	/Users/em21/Projects/genetics-finemapping/output/study_id=CEDAR/phenotype_id=ILMN_2372413/biofeature=MONOCYTE_CD14/chrom=22/top_loci.json	/Users/em21/Projects/genetics-finemapping/output/study_id=CEDAR/phenotype_id=ILMN_2372413/biofeature=MONOCYTE_CD14/chrom=22/credible_set.json	/Users/em21/Projects/genetics-finemapping/log/study_id=CEDAR/phenotype_id=ILMN_2372413/biofeature=MONOCYTE_CD14/chrom=22/logfile.txt	/Users/em21/Projects/genetics-finemapping/log/study_id=CEDAR/phenotype_id=ILMN_2372413/biofeature=MONOCYTE_CD14/chrom=22	conditional	8.059316569954868e-06
eqtl	/Users/em21/Projects/genetics-finemapping/example_data/sumstats/molecular_trait/CEDAR.parquet	/Users/em21/Projects/reference_data/uk10k_2019Feb/3_liftover_to_GRCh38/output/{chrom}.ALSPAC_TWINSUK.maf01.beagle.csq.shapeit.20131101	CEDAR	ILMN_1767320	MONOCYTE_CD14	22	/Users/em21/Projects/genetics-finemapping/output/study_id=CEDAR/phenotype_id=ILMN_1767320/biofeature=MONOCYTE_CD14/chrom=22/top_loci.json	/Users/em21/Projects/genetics-finemapping/output/study_id=CEDAR/phenotype_id=ILMN_1767320/biofeature=MONOCYTE_CD14/chrom=22/credible_set.json	/Users/em21/Projects/genetics-finemapping/log/study_id=CEDAR/phenotype_id=ILMN_1767320/biofeature=MONOCYTE_CD14/chrom=22/logfile.txt	/Users/em21/Projects/genetics-finemapping/log/study_id=CEDAR/phenotype_id=ILMN_1767320/biofeature=MONOCYTE_CD14/chrom=22	conditional	1.0144045445323596e-05
eqtl	/Users/em21/Projects/genetics-finemapping/example_data/sumstats/molecular_trait/CEDAR.parquet	/Users/em21/Projects/reference_data/uk10k_2019Feb/3_liftover_to_GRCh38/output/{chrom}.ALSPAC_TWINSUK.maf01.beagle.csq.shapeit.20131101	CEDAR	ILMN_1718477	MONOCYTE_CD14	22	/Users/em21/Projects/genetics-finemapping/output/study_id=CEDAR/phenotype_id=ILMN_1718477/biofeature=MONOCYTE_CD14/chrom=22/top_loci.json	/Users/em21/Projects/genetics-finemapping/output/study_id=CEDAR/phenotype_id=ILMN_1718477/biofeature=MONOCYTE_CD14/chrom=22/credible_set.json	/Users/em21/Projects/genetics-finemapping/log/study_id=CEDAR/phenotype_id=ILMN_1718477/biofeature=MONOCYTE_CD14/chrom=22/logfile.txt	/Users/em21/Projects/genetics-finemapping/log/study_id=CEDAR/phenotype_id=ILMN_1718477/biofeature=MONOCYTE_CD14/chrom=22	conditional	5.5567903978661925e-06
eqtl	/Users/em21/Projects/genetics-finemapping/example_data/sumstats/molecular_trait/CEDAR.parquet	/Users/em21/Projects/reference_data/uk10k_2019Feb/3_liftover_to_GRCh38/output/{chrom}.ALSPAC_TWINSUK.maf01.beagle.csq.shapeit.20131101	CEDAR	ILMN_2082314	MONOCYTE_CD14	22	/Users/em21/Projects/genetics-finemapping/output/study_id=CEDAR/phenotype_id=ILMN_2082314/biofeature=MONOCYTE_CD14/chrom=22/top_loci.json	/Users/em21/Projects/genetics-finemapping/output/study_id=CEDAR/phenotype_id=ILMN_2082314/biofeature=MONOCYTE_CD14/chrom=22/credible_set.json	/Users/em21/Projects/genetics-finemapping/log/study_id=CEDAR/phenotype_id=ILMN_2082314/biofeature=MONOCYTE_CD14/chrom=22/logfile.txt	/Users/em21/Projects/genetics-finemapping/log/study_id=CEDAR/phenotype_id=ILMN_2082314/biofeature=MONOCYTE_CD14/chrom=22	conditional	5.978715771852206e-06
eqtl	/Users/em21/Projects/genetics-finemapping/example_data/sumstats/molecular_trait/CEDAR.parquet	/Users/em21/Projects/reference_data/uk10k_2019Feb/3_liftover_to_GRCh38/output/{chrom}.ALSPAC_TWINSUK.maf01.beagle.csq.shapeit.20131101	CEDAR	ILMN_1655922	MONOCYTE_CD14	22	/Users/em21/Projects/genetics-finemapping/output/study_id=CEDAR/phenotype_id=ILMN_1655922/biofeature=MONOCYTE_CD14/chrom=22/top_loci.json	/Users/em21/Projects/genetics-finemapping/output/study_id=CEDAR/phenotype_id=ILMN_1655922/biofeature=MONOCYTE_CD14/chrom=22/credible_set.json	/Users/em21/Projects/genetics-finemapping/log/study_id=CEDAR/phenotype_id=ILMN_1655922/biofeature=MONOCYTE_CD14/chrom=22/logfile.txt	/Users/em21/Projects/genetics-finemapping/log/study_id=CEDAR/phenotype_id=ILMN_1655922/biofeature=MONOCYTE_CD14/chrom=22	conditional	7.874015748031496e-06
eqtl	/Users/em21/Projects/genetics-finemapping/example_data/sumstats/molecular_trait/CEDAR.parquet	/Users/em21/Projects/reference_data/uk10k_2019Feb/3_liftover_to_GRCh38/output/{chrom}.ALSPAC_TWINSUK.maf01.beagle.csq.shapeit.20131101	CEDAR	ILMN_2047240	MONOCYTE_CD14	22	/Users/em21/Projects/genetics-finemapping/output/study_id=CEDAR/phenotype_id=ILMN_2047240/biofeature=MONOCYTE_CD14/chrom=22/top_loci.json	/Users/em21/Projects/genetics-finemapping/output/study_id=CEDAR/phenotype_id=ILMN_2047240/biofeature=MONOCYTE_CD14/chrom=22/credible_set.json	/Users/em21/Projects/genetics-finemapping/log/study_id=CEDAR/phenotype_id=ILMN_2047240/biofeature=MONOCYTE_CD14/chrom=22/logfile.txt	/Users/em21/Projects/genetics-finemapping/log/study_id=CEDAR/phenotype_id=ILMN_2047240/biofeature=MONOCYTE_CD14/chrom=22	conditional	9.733307377846993e-06
eqtl	/Users/em21/Projects/genetics-finemapping/example_data/sumstats/molecular_trait/CEDAR.parquet	/Users/em21/Projects/reference_data/uk10k_2019Feb/3_liftover_to_GRCh38/output/{chrom}.ALSPAC_TWINSUK.maf01.beagle.csq.shapeit.20131101	CEDAR	ILMN_2366710	MONOCYTE_CD14	22	/Users/em21/Projects/genetics-finemapping/output/study_id=CEDAR/phenotype_id=ILMN_2366710/biofeature=MONOCYTE_CD14/chrom=22/top_loci.json	/Users/em21/Projects/genetics-finemapping/output/study_id=CEDAR/phenotype_id=ILMN_2366710/biofeature=MONOCYTE_CD14/chrom=22/credible_set.json	/Users/em21/Projects/genetics-finemapping/log/study_id=CEDAR/phenotype_id=ILMN_2366710/biofeature=MONOCYTE_CD14/chrom=22/logfile.txt	/Users/em21/Projects/genetics-finemapping/log/study_id=CEDAR/phenotype_id=ILMN_2366710/biofeature=MONOCYTE_CD14/chrom=22	conditional	7.532389273877675e-06
eqtl	/Users/em21/Projects/genetics-finemapping/example_data/sumstats/molecular_trait/CEDAR.parquet	/Users/em21/Projects/reference_data/uk10k_2019Feb/3_liftover_to_GRCh38/output/{chrom}.ALSPAC_TWINSUK.maf01.beagle.csq.shapeit.20131101	CEDAR	ILMN_1688178	MONOCYTE_CD14	22	/Users/em21/Projects/genetics-finemapping/output/study_id=CEDAR/phenotype_id=ILMN_1688178/biofeature=MONOCYTE_CD14/chrom=22/top_loci.json	/Users/em21/Projects/genetics-finemapping/output/study_id=CEDAR/phenotype_id=ILMN_1688178/biofeature=MONOCYTE_CD14/chrom=22/credible_set.json	/Users/em21/Projects/genetics-finemapping/log/study_id=CEDAR/phenotype_id=ILMN_1688178/biofeature=MONOCYTE_CD14/chrom=22/logfile.txt	/Users/em21/Projects/genetics-finemapping/log/study_id=CEDAR/phenotype_id=ILMN_1688178/biofeature=MONOCYTE_CD14/chrom=22	conditional	6.76132521974307e-06
eqtl	/Users/em21/Projects/genetics-finemapping/example_data/sumstats/molecular_trait/CEDAR.parquet	/Users/em21/Projects/reference_data/uk10k_2019Feb/3_liftover_to_GRCh38/output/{chrom}.ALSPAC_TWINSUK.maf01.beagle.csq.shapeit.20131101	CEDAR	ILMN_2413251	MONOCYTE_CD14	22	/Users/em21/Projects/genetics-finemapping/output/study_id=CEDAR/phenotype_id=ILMN_2413251/biofeature=MONOCYTE_CD14/chrom=22/top_loci.json	/Users/em21/Projects/genetics-finemapping/output/study_id=CEDAR/phenotype_id=ILMN_2413251/biofeature=MONOCYTE_CD14/chrom=22/credible_set.json	/Users/em21/Projects/genetics-finemapping/log/study_id=CEDAR/phenotype_id=ILMN_2413251/biofeature=MONOCYTE_CD14/chrom=22/logfile.txt	/Users/em21/Projects/genetics-finemapping/log/study_id=CEDAR/phenotype_id=ILMN_2413251/biofeature=MONOCYTE_CD14/chrom=22	conditional	8.804366966015144e-06
eqtl	/Users/em21/Projects/genetics-finemapping/example_data/sumstats/molecular_trait/CEDAR.parquet	/Users/em21/Projects/reference_data/uk10k_2019Feb/3_liftover_to_GRCh38/output/{chrom}.ALSPAC_TWINSUK.maf01.beagle.csq.shapeit.20131101	CEDAR	ILMN_2181445	MONOCYTE_CD14	22	/Users/em21/Projects/genetics-finemapping/output/study_id=CEDAR/phenotype_id=ILMN_2181445/biofeature=MONOCYTE_CD14/chrom=22/top_loci.json	/Users/em21/Projects/genetics-finemapping/output/study_id=CEDAR/phenotype_id=ILMN_2181445/biofeature=MONOCYTE_CD14/chrom=22/credible_set.json	/Users/em21/Projects/genetics-finemapping/log/study_id=CEDAR/phenotype_id=ILMN_2181445/biofeature=MONOCYTE_CD14/chrom=22/logfile.txt	/Users/em21/Projects/genetics-finemapping/log/study_id=CEDAR/phenotype_id=ILMN_2181445/biofeature=MONOCYTE_CD14/chrom=22	conditional	7.892659826361484e-06
eqtl	/Users/em21/Projects/genetics-finemapping/example_data/sumstats/molecular_trait/CEDAR.parquet	/Users/em21/Projects/reference_data/uk10k_2019Feb/3_liftover_to_GRCh38/output/{chrom}.ALSPAC_TWINSUK.maf01.beagle.csq.shapeit.20131101	CEDAR	ILMN_1809147	MONOCYTE_CD14	22	/Users/em21/Projects/genetics-finemapping/output/study_id=CEDAR/phenotype_id=ILMN_1809147/biofeature=MONOCYTE_CD14/chrom=22/top_loci.json	/Users/em21/Projects/genetics-finemapping/output/study_id=CEDAR/phenotype_id=ILMN_1809147/biofeature=MONOCYTE_CD14/chrom=22/credible_set.json	/Users/em21/Projects/genetics-finemapping/log/study_id=CEDAR/phenotype_id=ILMN_1809147/biofeature=MONOCYTE_CD14/chrom=22/logfile.txt	/Users/em21/Projects/genetics-finemapping/log/study_id=CEDAR/phenotype_id=ILMN_1809147/biofeature=MONOCYTE_CD14/chrom=22	conditional	5.576000892160143e-06
eqtl	/Users/em21/Projects/genetics-finemapping/example_data/sumstats/molecular_trait/CEDAR.parquet	/Users/em21/Projects/reference_data/uk10k_2019Feb/3_liftover_to_GRCh38/output/{chrom}.ALSPAC_TWINSUK.maf01.beagle.csq.shapeit.20131101	CEDAR	ILMN_2373982	MONOCYTE_CD14	22	/Users/em21/Projects/genetics-finemapping/output/study_id=CEDAR/phenotype_id=ILMN_2373982/biofeature=MONOCYTE_CD14/chrom=22/top_loci.json	/Users/em21/Projects/genetics-finemapping/output/study_id=CEDAR/phenotype_id=ILMN_2373982/biofeature=MONOCYTE_CD14/chrom=22/credible_set.json	/Users/em21/Projects/genetics-finemapping/log/study_id=CEDAR/phenotype_id=ILMN_2373982/biofeature=MONOCYTE_CD14/chrom=22/logfile.txt	/Users/em21/Projects/genetics-finemapping/log/study_id=CEDAR/phenotype_id=ILMN_2373982/biofeature=MONOCYTE_CD14/chrom=22	conditional	7.945336087716511e-06
eqtl	/Users/em21/Projects/genetics-finemapping/example_data/sumstats/molecular_trait/CEDAR.parquet	/Users/em21/Projects/reference_data/uk10k_2019Feb/3_liftover_to_GRCh38/output/{chrom}.ALSPAC_TWINSUK.maf01.beagle.csq.shapeit.20131101	CEDAR	ILMN_1805161	MONOCYTE_CD14	22	/Users/em21/Projects/genetics-finemapping/output/study_id=CEDAR/phenotype_id=ILMN_1805161/biofeature=MONOCYTE_CD14/chrom=22/top_loci.json	/Users/em21/Projects/genetics-finemapping/output/study_id=CEDAR/phenotype_id=ILMN_1805161/biofeature=MONOCYTE_CD14/chrom=22/credible_set.json	/Users/em21/Projects/genetics-finemapping/log/study_id=CEDAR/phenotype_id=ILMN_1805161/biofeature=MONOCYTE_CD14/chrom=22/logfile.txt	/Users/em21/Projects/genetics-finemapping/log/study_id=CEDAR/phenotype_id=ILMN_1805161/biofeature=MONOCYTE_CD14/chrom=22	conditional	9.184423218221895e-06
eqtl	/Users/em21/Projects/genetics-finemapping/example_data/sumstats/molecular_trait/CEDAR.parquet	/Users/em21/Projects/reference_data/uk10k_2019Feb/3_liftover_to_GRCh38/output/{chrom}.ALSPAC_TWINSUK.maf01.beagle.csq.shapeit.20131101	CEDAR	ILMN_1740572	MONOCYTE_CD14	22	/Users/em21/Projects/genetics-finemapping/output/study_id=CEDAR/phenotype_id=ILMN_1740572/biofeature=MONOCYTE_CD14/chrom=22/top_loci.json	/Users/em21/Projects/genetics-finemapping/output/study_id=CEDAR/phenotype_id=ILMN_1740572/biofeature=MONOCYTE_CD14/chrom=22/credible_set.json	/Users/em21/Projects/genetics-finemapping/log/study_id=CEDAR/phenotype_id=ILMN_1740572/biofeature=MONOCYTE_CD14/chrom=22/logfile.txt	/Users/em21/Projects/genetics-finemapping/log/study_id=CEDAR/phenotype_id=ILMN_1740572/biofeature=MONOCYTE_CD14/chrom=22	conditional	7.77967947720554e-06
eqtl	/Users/em21/Projects/genetics-finemapping/example_data/sumstats/molecular_trait/CEDAR.parquet	/Users/em21/Projects/reference_data/uk10k_2019Feb/3_liftover_to_GRCh38/output/{chrom}.ALSPAC_TWINSUK.maf01.beagle.csq.shapeit.20131101	CEDAR	ILMN_3240420	MONOCYTE_CD14	22	/Users/em21/Projects/genetics-finemapping/output/study_id=CEDAR/phenotype_id=ILMN_3240420/biofeature=MONOCYTE_CD14/chrom=22/top_loci.json	/Users/em21/Projects/genetics-finemapping/output/study_id=CEDAR/phenotype_id=ILMN_3240420/biofeature=MONOCYTE_CD14/chrom=22/credible_set.json	/Users/em21/Projects/genetics-finemapping/log/study_id=CEDAR/phenotype_id=ILMN_3240420/biofeature=MONOCYTE_CD14/chrom=22/logfile.txt	/Users/em21/Projects/genetics-finemapping/log/study_id=CEDAR/phenotype_id=ILMN_3240420/biofeature=MONOCYTE_CD14/chrom=22	conditional	8.428860418071477e-06
eqtl	/Users/em21/Projects/genetics-finemapping/example_data/sumstats/molecular_trait/CEDAR.parquet	/Users/em21/Projects/reference_data/uk10k_2019Feb/3_liftover_to_GRCh38/output/{chrom}.ALSPAC_TWINSUK.maf01.beagle.csq.shapeit.20131101	CEDAR	ILMN_1746492	MONOCYTE_CD14	22	/Users/em21/Projects/genetics-finemapping/output/study_id=CEDAR/phenotype_id=ILMN_1746492/biofeature=MONOCYTE_CD14/chrom=22/top_loci.json	/Users/em21/Projects/genetics-finemapping/output/study_id=CEDAR/phenotype_id=ILMN_1746492/biofeature=MONOCYTE_CD14/chrom=22/credible_set.json	/Users/em21/Projects/genetics-finemapping/log/study_id=CEDAR/phenotype_id=ILMN_1746492/biofeature=MONOCYTE_CD14/chrom=22/logfile.txt	/Users/em21/Projects/genetics-finemapping/log/study_id=CEDAR/phenotype_id=ILMN_1746492/biofeature=MONOCYTE_CD14/chrom=22	conditional	6.721333512568894e-06
eqtl	/Users/em21/Projects/genetics-finemapping/example_data/sumstats/molecular_trait/CEDAR.parquet	/Users/em21/Projects/reference_data/uk10k_2019Feb/3_liftover_to_GRCh38/output/{chrom}.ALSPAC_TWINSUK.maf01.beagle.csq.shapeit.20131101	CEDAR	ILMN_1706859	MONOCYTE_CD14	22	/Users/em21/Projects/genetics-finemapping/output/study_id=CEDAR/phenotype_id=ILMN_1706859/biofeature=MONOCYTE_CD14/chrom=22/top_loci.json	/Users/em21/Projects/genetics-finemapping/output/study_id=CEDAR/phenotype_id=ILMN_1706859/biofeature=MONOCYTE_CD14/chrom=22/credible_set.json	/Users/em21/Projects/genetics-finemapping/log/study_id=CEDAR/phenotype_id=ILMN_1706859/biofeature=MONOCYTE_CD14/chrom=22/logfile.txt	/Users/em21/Projects/genetics-finemapping/log/study_id=CEDAR/phenotype_id=ILMN_1706859/biofeature=MONOCYTE_CD14/chrom=22	conditional	7.99105002397315e-06
eqtl	/Users/em21/Projects/genetics-finemapping/example_data/sumstats/molecular_trait/CEDAR.parquet	/Users/em21/Projects/reference_data/uk10k_2019Feb/3_liftover_to_GRCh38/output/{chrom}.ALSPAC_TWINSUK.maf01.beagle.csq.shapeit.20131101	CEDAR	ILMN_3244439	MONOCYTE_CD14	22	/Users/em21/Projects/genetics-finemapping/output/study_id=CEDAR/phenotype_id=ILMN_3244439/biofeature=MONOCYTE_CD14/chrom=22/top_loci.json	/Users/em21/Projects/genetics-finemapping/output/study_id=CEDAR/phenotype_id=ILMN_3244439/biofeature=MONOCYTE_CD14/chrom=22/credible_set.json	/Users/em21/Projects/genetics-finemapping/log/study_id=CEDAR/phenotype_id=ILMN_3244439/biofeature=MONOCYTE_CD14/chrom=22/logfile.txt	/Users/em21/Projects/genetics-finemapping/log/study_id=CEDAR/phenotype_id=ILMN_3244439/biofeature=MONOCYTE_CD14/chrom=22	conditional	6.821282401091405e-06
eqtl	/Users/em21/Projects/genetics-finemapping/example_data/sumstats/molecular_trait/CEDAR.parquet	/Users/em21/Projects/reference_data/uk10k_2019Feb/3_liftover_to_GRCh38/output/{chrom}.ALSPAC_TWINSUK.maf01.beagle.csq.shapeit.20131101	CEDAR	ILMN_1694223	MONOCYTE_CD14	22	/Users/em21/Projects/genetics-finemapping/output/study_id=CEDAR/phenotype_id=ILMN_1694223/biofeature=MONOCYTE_CD14/chrom=22/top_loci.json	/Users/em21/Projects/genetics-finemapping/output/study_id=CEDAR/phenotype_id=ILMN_1694223/biofeature=MONOCYTE_CD14/chrom=22/credible_set.json	/Users/em21/Projects/genetics-finemapping/log/study_id=CEDAR/phenotype_id=ILMN_1694223/biofeature=MONOCYTE_CD14/chrom=22/logfile.txt	/Users/em21/Projects/genetics-finemapping/log/study_id=CEDAR/phenotype_id=ILMN_1694223/biofeature=MONOCYTE_CD14/chrom=22	conditional	6.669334400426838e-06
gwas	/Users/em21/Projects/genetics-finemapping/example_data/sumstats/gwas/GCST004132_cr.parquet	/Users/em21/Projects/reference_data/uk10k_2019Feb/3_liftover_to_GRCh38/output/{chrom}.ALSPAC_TWINSUK.maf01.beagle.csq.shapeit.20131101	GCST004132_cr	None	None	22	/Users/em21/Projects/genetics-finemapping/output/study_id=GCST004132_cr/phenotype_id=None/biofeature=None/chrom=22/top_loci.json	/Users/em21/Projects/genetics-finemapping/output/study_id=GCST004132_cr/phenotype_id=None/biofeature=None/chrom=22/credible_set.json	/Users/em21/Projects/genetics-finemapping/log/study_id=GCST004132_cr/phenotype_id=None/biofeature=None/chrom=22/logfile.txt	/Users/em21/Projects/genetics-finemapping/log/study_id=GCST004132_cr/phenotype_id=None/biofeature=None/chrom=22	conditional	5e-08
eqtl	/Users/em21/Projects/genetics-finemapping/example_data/sumstats/molecular_trait/CEDAR.parquet	/Users/em21/Projects/reference_data/uk10k_2019Feb/3_liftover_to_GRCh38/output/{chrom}.ALSPAC_TWINSUK.maf01.beagle.csq.shapeit.20131101	CEDAR	ILMN_1704682	MONOCYTE_CD14	22	/Users/em21/Projects/genetics-finemapping/output/study_id=CEDAR/phenotype_id=ILMN_1704682/biofeature=MONOCYTE_CD14/chrom=22/top_loci.json	/Users/em21/Projects/genetics-finemapping/output/study_id=CEDAR/phenotype_id=ILMN_1704682/biofeature=MONOCYTE_CD14/chrom=22/credible_set.json	/Users/em21/Projects/genetics-finemapping/log/study_id=CEDAR/phenotype_id=ILMN_1704682/biofeature=MONOCYTE_CD14/chrom=22/logfile.txt	/Users/em21/Projects/genetics-finemapping/log/study_id=CEDAR/phenotype_id=ILMN_1704682/biofeature=MONOCYTE_CD14/chrom=22	conditional	6.693440428380188e-06
eqtl	/Users/em21/Projects/genetics-finemapping/example_data/sumstats/molecular_trait/CEDAR.parquet	/Users/em21/Projects/reference_data/uk10k_2019Feb/3_liftover_to_GRCh38/output/{chrom}.ALSPAC_TWINSUK.maf01.beagle.csq.shapeit.20131101	CEDAR	ILMN_1731287	MONOCYTE_CD14	22	/Users/em21/Projects/genetics-finemapping/output/study_id=CEDAR/phenotype_id=ILMN_1731287/biofeature=MONOCYTE_CD14/chrom=22/top_loci.json	/Users/em21/Projects/genetics-finemapping/output/study_id=CEDAR/phenotype_id=ILMN_1731287/biofeature=MONOCYTE_CD14/chrom=22/credible_set.json	/Users/em21/Projects/genetics-finemapping/log/study_id=CEDAR/phenotype_id=ILMN_1731287/biofeature=MONOCYTE_CD14/chrom=22/logfile.txt	/Users/em21/Projects/genetics-finemapping/log/study_id=CEDAR/phenotype_id=ILMN_1731287/biofeature=MONOCYTE_CD14/chrom=22	conditional	6.423432682425488e-06
eqtl	/Users/em21/Projects/genetics-finemapping/example_data/sumstats/molecular_trait/CEDAR.parquet	/Users/em21/Projects/reference_data/uk10k_2019Feb/3_liftover_to_GRCh38/output/{chrom}.ALSPAC_TWINSUK.maf01.beagle.csq.shapeit.20131101	CEDAR	ILMN_1691930	MONOCYTE_CD14	22	/Users/em21/Projects/genetics-finemapping/output/study_id=CEDAR/phenotype_id=ILMN_1691930/biofeature=MONOCYTE_CD14/chrom=22/top_loci.json	/Users/em21/Projects/genetics-finemapping/output/study_id=CEDAR/phenotype_id=ILMN_1691930/biofeature=MONOCYTE_CD14/chrom=22/credible_set.json	/Users/em21/Projects/genetics-finemapping/log/study_id=CEDAR/phenotype_id=ILMN_1691930/biofeature=MONOCYTE_CD14/chrom=22/logfile.txt	/Users/em21/Projects/genetics-finemapping/log/study_id=CEDAR/phenotype_id=ILMN_1691930/biofeature=MONOCYTE_CD14/chrom=22	conditional	8.484642796538266e-06
eqtl	/Users/em21/Projects/genetics-finemapping/example_data/sumstats/molecular_trait/CEDAR.parquet	/Users/em21/Projects/reference_data/uk10k_2019Feb/3_liftover_to_GRCh38/output/{chrom}.ALSPAC_TWINSUK.maf01.beagle.csq.shapeit.20131101	CEDAR	ILMN_1737580	MONOCYTE_CD14	22	/Users/em21/Projects/genetics-finemapping/output/study_id=CEDAR/phenotype_id=ILMN_1737580/biofeature=MONOCYTE_CD14/chrom=22/top_loci.json	/Users/em21/Projects/genetics-finemapping/output/study_id=CEDAR/phenotype_id=ILMN_1737580/biofeature=MONOCYTE_CD14/chrom=22/credible_set.json	/Users/em21/Projects/genetics-finemapping/log/study_id=CEDAR/phenotype_id=ILMN_1737580/biofeature=MONOCYTE_CD14/chrom=22/logfile.txt	/Users/em21/Projects/genetics-finemapping/log/study_id=CEDAR/phenotype_id=ILMN_1737580/biofeature=MONOCYTE_CD14/chrom=22	conditional	9.645061728395062e-06
eqtl	/Users/em21/Projects/genetics-finemapping/example_data/sumstats/molecular_trait/CEDAR.parquet	/Users/em21/Projects/reference_data/uk10k_2019Feb/3_liftover_to_GRCh38/output/{chrom}.ALSPAC_TWINSUK.maf01.beagle.csq.shapeit.20131101	CEDAR	ILMN_1766309	MONOCYTE_CD14	22	/Users/em21/Projects/genetics-finemapping/output/study_id=CEDAR/phenotype_id=ILMN_1766309/biofeature=MONOCYTE_CD14/chrom=22/top_loci.json	/Users/em21/Projects/genetics-finemapping/output/study_id=CEDAR/phenotype_id=ILMN_1766309/biofeature=MONOCYTE_CD14/chrom=22/credible_set.json	/Users/em21/Projects/genetics-finemapping/log/study_id=CEDAR/phenotype_id=ILMN_1766309/biofeature=MONOCYTE_CD14/chrom=22/logfile.txt	/Users/em21/Projects/genetics-finemapping/log/study_id=CEDAR/phenotype_id=ILMN_1766309/biofeature=MONOCYTE_CD14/chrom=22	conditional	7.720815318097592e-06
eqtl	/Users/em21/Projects/genetics-finemapping/example_data/sumstats/molecular_trait/CEDAR.parquet	/Users/em21/Projects/reference_data/uk10k_2019Feb/3_liftover_to_GRCh38/output/{chrom}.ALSPAC_TWINSUK.maf01.beagle.csq.shapeit.20131101	CEDAR	ILMN_1702396	MONOCYTE_CD14	22	/Users/em21/Projects/genetics-finemapping/output/study_id=CEDAR/phenotype_id=ILMN_1702396/biofeature=MONOCYTE_CD14/chrom=22/top_loci.json	/Users/em21/Projects/genetics-finemapping/output/study_id=CEDAR/phenotype_id=ILMN_1702396/biofeature=MONOCYTE_CD14/chrom=22/credible_set.json	/Users/em21/Projects/genetics-finemapping/log/study_id=CEDAR/phenotype_id=ILMN_1702396/biofeature=MONOCYTE_CD14/chrom=22/logfile.txt	/Users/em21/Projects/genetics-finemapping/log/study_id=CEDAR/phenotype_id=ILMN_1702396/biofeature=MONOCYTE_CD14/chrom=22	conditional	6.285355122564425e-06
eqtl	/Users/em21/Projects/genetics-finemapping/example_data/sumstats/molecular_trait/CEDAR.parquet	/Users/em21/Projects/reference_data/uk10k_2019Feb/3_liftover_to_GRCh38/output/{chrom}.ALSPAC_TWINSUK.maf01.beagle.csq.shapeit.20131101	CEDAR	ILMN_1687266	MONOCYTE_CD14	22	/Users/em21/Projects/genetics-finemapping/output/study_id=CEDAR/phenotype_id=ILMN_1687266/biofeature=MONOCYTE_CD14/chrom=22/top_loci.json	/Users/em21/Projects/genetics-finemapping/output/study_id=CEDAR/phenotype_id=ILMN_1687266/biofeature=MONOCYTE_CD14/chrom=22/credible_set.json	/Users/em21/Projects/genetics-finemapping/log/study_id=CEDAR/phenotype_id=ILMN_1687266/biofeature=MONOCYTE_CD14/chrom=22/logfile.txt	/Users/em21/Projects/genetics-finemapping/log/study_id=CEDAR/phenotype_id=ILMN_1687266/biofeature=MONOCYTE_CD14/chrom=22	conditional	8.538251366120219e-06
eqtl	/Users/em21/Projects/genetics-finemapping/example_data/sumstats/molecular_trait/CEDAR.parquet	/Users/em21/Projects/reference_data/uk10k_2019Feb/3_liftover_to_GRCh38/output/{chrom}.ALSPAC_TWINSUK.maf01.beagle.csq.shapeit.20131101	CEDAR	ILMN_1675124	MONOCYTE_CD14	22	/Users/em21/Projects/genetics-finemapping/output/study_id=CEDAR/phenotype_id=ILMN_1675124/biofeature=MONOCYTE_CD14/chrom=22/top_loci.json	/Users/em21/Projects/genetics-finemapping/output/study_id=CEDAR/phenotype_id=ILMN_1675124/biofeature=MONOCYTE_CD14/chrom=22/credible_set.json	/Users/em21/Projects/genetics-finemapping/log/study_id=CEDAR/phenotype_id=ILMN_1675124/biofeature=MONOCYTE_CD14/chrom=22/logfile.txt	/Users/em21/Projects/genetics-finemapping/log/study_id=CEDAR/phenotype_id=ILMN_1675124/biofeature=MONOCYTE_CD14/chrom=22	conditional	7.859163784973279e-06
eqtl	/Users/em21/Projects/genetics-finemapping/example_data/sumstats/molecular_trait/CEDAR.parquet	/Users/em21/Projects/reference_data/uk10k_2019Feb/3_liftover_to_GRCh38/output/{chrom}.ALSPAC_TWINSUK.maf01.beagle.csq.shapeit.20131101	CEDAR	ILMN_2366714	MONOCYTE_CD14	22	/Users/em21/Projects/genetics-finemapping/output/study_id=CEDAR/phenotype_id=ILMN_2366714/biofeature=MONOCYTE_CD14/chrom=22/top_loci.json	/Users/em21/Projects/genetics-finemapping/output/study_id=CEDAR/phenotype_id=ILMN_2366714/biofeature=MONOCYTE_CD14/chrom=22/credible_set.json	/Users/em21/Projects/genetics-finemapping/log/study_id=CEDAR/phenotype_id=ILMN_2366714/biofeature=MONOCYTE_CD14/chrom=22/logfile.txt	/Users/em21/Projects/genetics-finemapping/log/study_id=CEDAR/phenotype_id=ILMN_2366714/biofeature=MONOCYTE_CD14/chrom=22	conditional	7.532389273877675e-06
eqtl	/Users/em21/Projects/genetics-finemapping/example_data/sumstats/molecular_trait/CEDAR.parquet	/Users/em21/Projects/reference_data/uk10k_2019Feb/3_liftover_to_GRCh38/output/{chrom}.ALSPAC_TWINSUK.maf01.beagle.csq.shapeit.20131101	CEDAR	ILMN_1787919	MONOCYTE_CD14	22	/Users/em21/Projects/genetics-finemapping/output/study_id=CEDAR/phenotype_id=ILMN_1787919/biofeature=MONOCYTE_CD14/chrom=22/top_loci.json	/Users/em21/Projects/genetics-finemapping/output/study_id=CEDAR/phenotype_id=ILMN_1787919/biofeature=MONOCYTE_CD14/chrom=22/credible_set.json	/Users/em21/Projects/genetics-finemapping/log/study_id=CEDAR/phenotype_id=ILMN_1787919/biofeature=MONOCYTE_CD14/chrom=22/logfile.txt	/Users/em21/Projects/genetics-finemapping/log/study_id=CEDAR/phenotype_id=ILMN_1787919/biofeature=MONOCYTE_CD14/chrom=22	conditional	5.057657293141817e-06
eqtl	/Users/em21/Projects/genetics-finemapping/example_data/sumstats/molecular_trait/CEDAR.parquet	/Users/em21/Projects/reference_data/uk10k_2019Feb/3_liftover_to_GRCh38/output/{chrom}.ALSPAC_TWINSUK.maf01.beagle.csq.shapeit.20131101	CEDAR	ILMN_3240740	MONOCYTE_CD14	22	/Users/em21/Projects/genetics-finemapping/output/study_id=CEDAR/phenotype_id=ILMN_3240740/biofeature=MONOCYTE_CD14/chrom=22/top_loci.json	/Users/em21/Projects/genetics-finemapping/output/study_id=CEDAR/phenotype_id=ILMN_3240740/biofeature=MONOCYTE_CD14/chrom=22/credible_set.json	/Users/em21/Projects/genetics-finemapping/log/study_id=CEDAR/phenotype_id=ILMN_3240740/biofeature=MONOCYTE_CD14/chrom=22/logfile.txt	/Users/em21/Projects/genetics-finemapping/log/study_id=CEDAR/phenotype_id=ILMN_3240740/biofeature=MONOCYTE_CD14/chrom=22	conditional	7.743534148985597e-06
eqtl	/Users/em21/Projects/genetics-finemapping/example_data/sumstats/molecular_trait/CEDAR.parquet	/Users/em21/Projects/reference_data/uk10k_2019Feb/3_liftover_to_GRCh38/output/{chrom}.ALSPAC_TWINSUK.maf01.beagle.csq.shapeit.20131101	CEDAR	ILMN_1756694	MONOCYTE_CD14	22	/Users/em21/Projects/genetics-finemapping/output/study_id=CEDAR/phenotype_id=ILMN_1756694/biofeature=MONOCYTE_CD14/chrom=22/top_loci.json	/Users/em21/Projects/genetics-finemapping/output/study_id=CEDAR/phenotype_id=ILMN_1756694/biofeature=MONOCYTE_CD14/chrom=22/credible_set.json	/Users/em21/Projects/genetics-finemapping/log/study_id=CEDAR/phenotype_id=ILMN_1756694/biofeature=MONOCYTE_CD14/chrom=22/logfile.txt	/Users/em21/Projects/genetics-finemapping/log/study_id=CEDAR/phenotype_id=ILMN_1756694/biofeature=MONOCYTE_CD14/chrom=22	conditional	5.81260172053011e-06
eqtl	/Users/em21/Projects/genetics-finemapping/example_data/sumstats/molecular_trait/CEDAR.parquet	/Users/em21/Projects/reference_data/uk10k_2019Feb/3_liftover_to_GRCh38/output/{chrom}.ALSPAC_TWINSUK.maf01.beagle.csq.shapeit.20131101	CEDAR	ILMN_2059606	MONOCYTE_CD14	22	/Users/em21/Projects/genetics-finemapping/output/study_id=CEDAR/phenotype_id=ILMN_2059606/biofeature=MONOCYTE_CD14/chrom=22/top_loci.json	/Users/em21/Projects/genetics-finemapping/output/study_id=CEDAR/phenotype_id=ILMN_2059606/biofeature=MONOCYTE_CD14/chrom=22/credible_set.json	/Users/em21/Projects/genetics-finemapping/log/study_id=CEDAR/phenotype_id=ILMN_2059606/biofeature=MONOCYTE_CD14/chrom=22/logfile.txt	/Users/em21/Projects/genetics-finemapping/log/study_id=CEDAR/phenotype_id=ILMN_2059606/biofeature=MONOCYTE_CD14/chrom=22	conditional	9.380863039399625e-06
eqtl	/Users/em21/Projects/genetics-finemapping/example_data/sumstats/molecular_trait/CEDAR.parquet	/Users/em21/Projects/reference_data/uk10k_2019Feb/3_liftover_to_GRCh38/output/{chrom}.ALSPAC_TWINSUK.maf01.beagle.csq.shapeit.20131101	CEDAR	ILMN_2408102	MONOCYTE_CD14	22	/Users/em21/Projects/genetics-finemapping/output/study_id=CEDAR/phenotype_id=ILMN_2408102/biofeature=MONOCYTE_CD14/chrom=22/top_loci.json	/Users/em21/Projects/genetics-finemapping/output/study_id=CEDAR/phenotype_id=ILMN_2408102/biofeature=MONOCYTE_CD14/chrom=22/credible_set.json	/Users/em21/Projects/genetics-finemapping/log/study_id=CEDAR/phenotype_id=ILMN_2408102/biofeature=MONOCYTE_CD14/chrom=22/logfile.txt	/Users/em21/Projects/genetics-finemapping/log/study_id=CEDAR/phenotype_id=ILMN_2408102/biofeature=MONOCYTE_CD14/chrom=22	conditional	5.663155510250312e-06
eqtl	/Users/em21/Projects/genetics-finemapping/example_data/sumstats/molecular_trait/CEDAR.parquet	/Users/em21/Projects/reference_data/uk10k_2019Feb/3_liftover_to_GRCh38/output/{chrom}.ALSPAC_TWINSUK.maf01.beagle.csq.shapeit.20131101	CEDAR	ILMN_1659857	MONOCYTE_CD14	22	/Users/em21/Projects/genetics-finemapping/output/study_id=CEDAR/phenotype_id=ILMN_1659857/biofeature=MONOCYTE_CD14/chrom=22/top_loci.json	/Users/em21/Projects/genetics-finemapping/output/study_id=CEDAR/phenotype_id=ILMN_1659857/biofeature=MONOCYTE_CD14/chrom=22/credible_set.json	/Users/em21/Projects/genetics-finemapping/log/study_id=CEDAR/phenotype_id=ILMN_1659857/biofeature=MONOCYTE_CD14/chrom=22/logfile.txt	/Users/em21/Projects/genetics-finemapping/log/study_id=CEDAR/phenotype_id=ILMN_1659857/biofeature=MONOCYTE_CD14/chrom=22	conditional	8.830801836806782e-06
eqtl	/Users/em21/Projects/genetics-finemapping/example_data/sumstats/molecular_trait/CEDAR.parquet	/Users/em21/Projects/reference_data/uk10k_2019Feb/3_liftover_to_GRCh38/output/{chrom}.ALSPAC_TWINSUK.maf01.beagle.csq.shapeit.20131101	CEDAR	ILMN_2059886	MONOCYTE_CD14	22	/Users/em21/Projects/genetics-finemapping/output/study_id=CEDAR/phenotype_id=ILMN_2059886/biofeature=MONOCYTE_CD14/chrom=22/top_loci.json	/Users/em21/Projects/genetics-finemapping/output/study_id=CEDAR/phenotype_id=ILMN_2059886/biofeature=MONOCYTE_CD14/chrom=22/credible_set.json	/Users/em21/Projects/genetics-finemapping/log/study_id=CEDAR/phenotype_id=ILMN_2059886/biofeature=MONOCYTE_CD14/chrom=22/logfile.txt	/Users/em21/Projects/genetics-finemapping/log/study_id=CEDAR/phenotype_id=ILMN_2059886/biofeature=MONOCYTE_CD14/chrom=22	conditional	6.275100401606426e-06
eqtl	/Users/em21/Projects/genetics-finemapping/example_data/sumstats/molecular_trait/CEDAR.parquet	/Users/em21/Projects/reference_data/uk10k_2019Feb/3_liftover_to_GRCh38/output/{chrom}.ALSPAC_TWINSUK.maf01.beagle.csq.shapeit.20131101	CEDAR	ILMN_1690939	MONOCYTE_CD14	22	/Users/em21/Projects/genetics-finemapping/output/study_id=CEDAR/phenotype_id=ILMN_1690939/biofeature=MONOCYTE_CD14/chrom=22/top_loci.json	/Users/em21/Projects/genetics-finemapping/output/study_id=CEDAR/phenotype_id=ILMN_1690939/biofeature=MONOCYTE_CD14/chrom=22/credible_set.json	/Users/em21/Projects/genetics-finemapping/log/study_id=CEDAR/phenotype_id=ILMN_1690939/biofeature=MONOCYTE_CD14/chrom=22/logfile.txt	/Users/em21/Projects/genetics-finemapping/log/study_id=CEDAR/phenotype_id=ILMN_1690939/biofeature=MONOCYTE_CD14/chrom=22	conditional	9.00900900900901e-06
eqtl	/Users/em21/Projects/genetics-finemapping/example_data/sumstats/molecular_trait/CEDAR.parquet	/Users/em21/Projects/reference_data/uk10k_2019Feb/3_liftover_to_GRCh38/output/{chrom}.ALSPAC_TWINSUK.maf01.beagle.csq.shapeit.20131101	CEDAR	ILMN_2111237	MONOCYTE_CD14	22	/Users/em21/Projects/genetics-finemapping/output/study_id=CEDAR/phenotype_id=ILMN_2111237/biofeature=MONOCYTE_CD14/chrom=22/top_loci.json	/Users/em21/Projects/genetics-finemapping/output/study_id=CEDAR/phenotype_id=ILMN_2111237/biofeature=MONOCYTE_CD14/chrom=22/credible_set.json	/Users/em21/Projects/genetics-finemapping/log/study_id=CEDAR/phenotype_id=ILMN_2111237/biofeature=MONOCYTE_CD14/chrom=22/logfile.txt	/Users/em21/Projects/genetics-finemapping/log/study_id=CEDAR/phenotype_id=ILMN_2111237/biofeature=MONOCYTE_CD14/chrom=22	conditional	7.062146892655368e-06
eqtl	/Users/em21/Projects/genetics-finemapping/example_data/sumstats/molecular_trait/CEDAR.parquet	/Users/em21/Projects/reference_data/uk10k_2019Feb/3_liftover_to_GRCh38/output/{chrom}.ALSPAC_TWINSUK.maf01.beagle.csq.shapeit.20131101	CEDAR	ILMN_1718477	MONOCYTE_CD14	22	/Users/em21/Projects/genetics-finemapping/output/study_id=CEDAR/phenotype_id=ILMN_1718477/biofeature=MONOCYTE_CD14/chrom=22/top_loci.json	/Users/em21/Projects/genetics-finemapping/output/study_id=CEDAR/phenotype_id=ILMN_1718477/biofeature=MONOCYTE_CD14/chrom=22/credible_set.json	/Users/em21/Projects/genetics-finemapping/log/study_id=CEDAR/phenotype_id=ILMN_1718477/biofeature=MONOCYTE_CD14/chrom=22/logfile.txt	/Users/em21/Projects/genetics-finemapping/log/study_id=CEDAR/phenotype_id=ILMN_1718477/biofeature=MONOCYTE_CD14/chrom=22	conditional	5.5567903978661925e-06
eqtl	/Users/em21/Projects/genetics-finemapping/example_data/sumstats/molecular_trait/CEDAR.parquet	/Users/em21/Projects/reference_data/uk10k_2019Feb/3_liftover_to_GRCh38/output/{chrom}.ALSPAC_TWINSUK.maf01.beagle.csq.shapeit.20131101	CEDAR	ILMN_1746673	MONOCYTE_CD14	22	/Users/em21/Projects/genetics-finemapping/output/study_id=CEDAR/phenotype_id=ILMN_1746673/biofeature=MONOCYTE_CD14/chrom=22/top_loci.json	/Users/em21/Projects/genetics-finemapping/output/study_id=CEDAR/phenotype_id=ILMN_1746673/biofeature=MONOCYTE_CD14/chrom=22/credible_set.json	/Users/em21/Projects/genetics-finemapping/log/study_id=CEDAR/phenotype_id=ILMN_1746673/biofeature=MONOCYTE_CD14/chrom=22/logfile.txt	/Users/em21/Projects/genetics-finemapping/log/study_id=CEDAR/phenotype_id=ILMN_1746673/biofeature=MONOCYTE_CD14/chrom=22	conditional	8.211528986697324e-06
eqtl	/Users/em21/Projects/genetics-finemapping/example_data/sumstats/molecular_trait/CEDAR.parquet	/Users/em21/Projects/reference_data/uk10k_2019Feb/3_liftover_to_GRCh38/output/{chrom}.ALSPAC_TWINSUK.maf01.beagle.csq.shapeit.20131101	CEDAR	ILMN_2109708	MONOCYTE_CD14	22	/Users/em21/Projects/genetics-finemapping/output/study_id=CEDAR/phenotype_id=ILMN_2109708/biofeature=MONOCYTE_CD14/chrom=22/top_loci.json	/Users/em21/Projects/genetics-finemapping/output/study_id=CEDAR/phenotype_id=ILMN_2109708/biofeature=MONOCYTE_CD14/chrom=22/credible_set.json	/Users/em21/Projects/genetics-finemapping/log/study_id=CEDAR/phenotype_id=ILMN_2109708/biofeature=MONOCYTE_CD14/chrom=22/logfile.txt	/Users/em21/Projects/genetics-finemapping/log/study_id=CEDAR/phenotype_id=ILMN_2109708/biofeature=MONOCYTE_CD14/chrom=22	conditional	9.00900900900901e-06
eqtl	/Users/em21/Projects/genetics-finemapping/example_data/sumstats/molecular_trait/CEDAR.parquet	/Users/em21/Projects/reference_data/uk10k_2019Feb/3_liftover_to_GRCh38/output/{chrom}.ALSPAC_TWINSUK.maf01.beagle.csq.shapeit.20131101	CEDAR	ILMN_1655177	MONOCYTE_CD14	22	/Users/em21/Projects/genetics-finemapping/output/study_id=CEDAR/phenotype_id=ILMN_1655177/biofeature=MONOCYTE_CD14/chrom=22/top_loci.json	/Users/em21/Projects/genetics-finemapping/output/study_id=CEDAR/phenotype_id=ILMN_1655177/biofeature=MONOCYTE_CD14/chrom=22/credible_set.json	/Users/em21/Projects/genetics-finemapping/log/study_id=CEDAR/phenotype_id=ILMN_1655177/biofeature=MONOCYTE_CD14/chrom=22/logfile.txt	/Users/em21/Projects/genetics-finemapping/log/study_id=CEDAR/phenotype_id=ILMN_1655177/biofeature=MONOCYTE_CD14/chrom=22	conditional	8.815232722143866e-06
eqtl	/Users/em21/Projects/genetics-finemapping/example_data/sumstats/molecular_trait/CEDAR.parquet	/Users/em21/Projects/reference_data/uk10k_2019Feb/3_liftover_to_GRCh38/output/{chrom}.ALSPAC_TWINSUK.maf01.beagle.csq.shapeit.20131101	CEDAR	ILMN_1809147	MONOCYTE_CD14	22	/Users/em21/Projects/genetics-finemapping/output/study_id=CEDAR/phenotype_id=ILMN_1809147/biofeature=MONOCYTE_CD14/chrom=22/top_loci.json	/Users/em21/Projects/genetics-finemapping/output/study_id=CEDAR/phenotype_id=ILMN_1809147/biofeature=MONOCYTE_CD14/chrom=22/credible_set.json	/Users/em21/Projects/genetics-finemapping/log/study_id=CEDAR/phenotype_id=ILMN_1809147/biofeature=MONOCYTE_CD14/chrom=22/logfile.txt	/Users/em21/Projects/genetics-finemapping/log/study_id=CEDAR/phenotype_id=ILMN_1809147/biofeature=MONOCYTE_CD14/chrom=22	conditional	5.576000892160143e-06
eqtl	/Users/em21/Projects/genetics-finemapping/example_data/sumstats/molecular_trait/CEDAR.parquet	/Users/em21/Projects/reference_data/uk10k_2019Feb/3_liftover_to_GRCh38/output/{chrom}.ALSPAC_TWINSUK.maf01.beagle.csq.shapeit.20131101	CEDAR	ILMN_1789492	MONOCYTE_CD14	22	/Users/em21/Projects/genetics-finemapping/output/study_id=CEDAR/phenotype_id=ILMN_1789492/biofeature=MONOCYTE_CD14/chrom=22/top_loci.json	/Users/em21/Projects/genetics-finemapping/output/study_id=CEDAR/phenotype_id=ILMN_1789492/biofeature=MONOCYTE_CD14/chrom=22/credible_set.json	/Users/em21/Projects/genetics-finemapping/log/study_id=CEDAR/phenotype_id=ILMN_1789492/biofeature=MONOCYTE_CD14/chrom=22/logfile.txt	/Users/em21/Projects/genetics-finemapping/log/study_id=CEDAR/phenotype_id=ILMN_1789492/biofeature=MONOCYTE_CD14/chrom=22	conditional	6.78794461037198e-06
gwas	/Users/em21/Projects/genetics-finemapping/example_data/sumstats/gwas/GCST004132_cr.parquet	/Users/em21/Projects/reference_data/uk10k_2019Feb/3_liftover_to_GRCh38/output/{chrom}.ALSPAC_TWINSUK.maf01.beagle.csq.shapeit.20131101	GCST004132_cr	None	None	22	/Users/em21/Projects/genetics-finemapping/output/study_id=GCST004132_cr/phenotype_id=None/biofeature=None/chrom=22/top_loci.json	/Users/em21/Projects/genetics-finemapping/output/study_id=GCST004132_cr/phenotype_id=None/biofeature=None/chrom=22/credible_set.json	/Users/em21/Projects/genetics-finemapping/log/study_id=GCST004132_cr/phenotype_id=None/biofeature=None/chrom=22/logfile.txt	/Users/em21/Projects/genetics-finemapping/log/study_id=GCST004132_cr/phenotype_id=None/biofeature=None/chrom=22	conditional	5e-08
eqtl	/Users/em21/Projects/genetics-finemapping/example_data/sumstats/molecular_trait/CEDAR.parquet	/Users/em21/Projects/reference_data/uk10k_2019Feb/3_liftover_to_GRCh38/output/{chrom}.ALSPAC_TWINSUK.maf01.beagle.csq.shapeit.20131101	CEDAR	ILMN_1798485	MONOCYTE_CD14	22	/Users/em21/Projects/genetics-finemapping/output/study_id=CEDAR/phenotype_id=ILMN_1798485/biofeature=MONOCYTE_CD14/chrom=22/top_loci.json	/Users/em21/Projects/genetics-finemapping/output/study_id=CEDAR/phenotype_id=ILMN_1798485/biofeature=MONOCYTE_CD14/chrom=22/credible_set.json	/Users/em21/Projects/genetics-finemapping/log/study_id=CEDAR/phenotype_id=ILMN_1798485/biofeature=MONOCYTE_CD14/chrom=22/logfile.txt	/Users/em21/Projects/genetics-finemapping/log/study_id=CEDAR/phenotype_id=ILMN_1798485/biofeature=MONOCYTE_CD14/chrom=22	conditional	7.707723138584862e-06
eqtl	/Users/em21/Projects/genetics-finemapping/example_data/sumstats/molecular_trait/CEDAR.parquet	/Users/em21/Projects/reference_data/uk10k_2019Feb/3_liftover_to_GRCh38/output/{chrom}.ALSPAC_TWINSUK.maf01.beagle.csq.shapeit.20131101	CEDAR	ILMN_3245688	MONOCYTE_CD14	22	/Users/em21/Projects/genetics-finemapping/output/study_id=CEDAR/phenotype_id=ILMN_3245688/biofeature=MONOCYTE_CD14/chrom=22/top_loci.json	/Users/em21/Projects/genetics-finemapping/output/study_id=CEDAR/phenotype_id=ILMN_3245688/biofeature=MONOCYTE_CD14/chrom=22/credible_set.json	/Users/em21/Projects/genetics-finemapping/log/study_id=CEDAR/phenotype_id=ILMN_3245688/biofeature=MONOCYTE_CD14/chrom=22/logfile.txt	/Users/em21/Projects/genetics-finemapping/log/study_id=CEDAR/phenotype_id=ILMN_3245688/biofeature=MONOCYTE_CD14/chrom=22	conditional	7.479431563201197e-06
eqtl	/Users/em21/Projects/genetics-finemapping/example_data/sumstats/molecular_trait/CEDAR.parquet	/Users/em21/Projects/reference_data/uk10k_2019Feb/3_liftover_to_GRCh38/output/{chrom}.ALSPAC_TWINSUK.maf01.beagle.csq.shapeit.20131101	CEDAR	ILMN_1671932	MONOCYTE_CD14	22	/Users/em21/Projects/genetics-finemapping/output/study_id=CEDAR/phenotype_id=ILMN_1671932/biofeature=MONOCYTE_CD14/chrom=22/top_loci.json	/Users/em21/Projects/genetics-finemapping/output/study_id=CEDAR/phenotype_id=ILMN_1671932/biofeature=MONOCYTE_CD14/chrom=22/credible_set.json	/Users/em21/Projects/genetics-finemapping/log/study_id=CEDAR/phenotype_id=ILMN_1671932/biofeature=MONOCYTE_CD14/chrom=22/logfile.txt	/Users/em21/Projects/genetics-finemapping/log/study_id=CEDAR/phenotype_id=ILMN_1671932/biofeature=MONOCYTE_CD14/chrom=22	conditional	5.107774032076821e-06
eqtl	/Users/em21/Projects/genetics-finemapping/example_data/sumstats/molecular_trait/CEDAR.parquet	/Users/em21/Projects/reference_data/uk10k_2019Feb/3_liftover_to_GRCh38/output/{chrom}.ALSPAC_TWINSUK.maf01.beagle.csq.shapeit.20131101	CEDAR	ILMN_1807074	MONOCYTE_CD14	22	/Users/em21/Projects/genetics-finemapping/output/study_id=CEDAR/phenotype_id=ILMN_1807074/biofeature=MONOCYTE_CD14/chrom=22/top_loci.json	/Users/em21/Projects/genetics-finemapping/output/study_id=CEDAR/phenotype_id=ILMN_1807074/biofeature=MONOCYTE_CD14/chrom=22/credible_set.json	/Users/em21/Projects/genetics-finemapping/log/study_id=CEDAR/phenotype_id=ILMN_1807074/biofeature=MONOCYTE_CD14/chrom=22/logfile.txt	/Users/em21/Projects/genetics-finemapping/log/study_id=CEDAR/phenotype_id=ILMN_1807074/biofeature=MONOCYTE_CD14/chrom=22	conditional	6.9232899473829964e-06
eqtl	/Users/em21/Projects/genetics-finemapping/example_data/sumstats/molecular_trait/CEDAR.parquet	/Users/em21/Projects/reference_data/uk10k_2019Feb/3_liftover_to_GRCh38/output/{chrom}.ALSPAC_TWINSUK.maf01.beagle.csq.shapeit.20131101	CEDAR	ILMN_1764927	MONOCYTE_CD14	22	/Users/em21/Projects/genetics-finemapping/output/study_id=CEDAR/phenotype_id=ILMN_1764927/biofeature=MONOCYTE_CD14/chrom=22/top_loci.json	/Users/em21/Projects/genetics-finemapping/output/study_id=CEDAR/phenotype_id=ILMN_1764927/biofeature=MONOCYTE_CD14/chrom=22/credible_set.json	/Users/em21/Projects/genetics-finemapping/log/study_id=CEDAR/phenotype_id=ILMN_1764927/biofeature=MONOCYTE_CD14/chrom=22/logfile.txt	/Users/em21/Projects/genetics-finemapping/log/study_id=CEDAR/phenotype_id=ILMN_1764927/biofeature=MONOCYTE_CD14/chrom=22	conditional	7.492881762325791e-06
eqtl	/Users/em21/Projects/genetics-finemapping/example_data/sumstats/molecular_trait/CEDAR.parquet	/Users/em21/Projects/reference_data/uk10k_2019Feb/3_liftover_to_GRCh38/output/{chrom}.ALSPAC_TWINSUK.maf01.beagle.csq.shapeit.20131101	CEDAR	ILMN_1739086	MONOCYTE_CD14	22	/Users/em21/Projects/genetics-finemapping/output/study_id=CEDAR/phenotype_id=ILMN_1739086/biofeature=MONOCYTE_CD14/chrom=22/top_loci.json	/Users/em21/Projects/genetics-finemapping/output/study_id=CEDAR/phenotype_id=ILMN_1739086/biofeature=MONOCYTE_CD14/chrom=22/credible_set.json	/Users/em21/Projects/genetics-finemapping/log/study_id=CEDAR/phenotype_id=ILMN_1739086/biofeature=MONOCYTE_CD14/chrom=22/logfile.txt	/Users/em21/Projects/genetics-finemapping/log/study_id=CEDAR/phenotype_id=ILMN_1739086/biofeature=MONOCYTE_CD14/chrom=22	conditional	9.023641941887747e-06
eqtl	/Users/em21/Projects/genetics-finemapping/example_data/sumstats/molecular_trait/CEDAR.parquet	/Users/em21/Projects/reference_data/uk10k_2019Feb/3_liftover_to_GRCh38/output/{chrom}.ALSPAC_TWINSUK.maf01.beagle.csq.shapeit.20131101	CEDAR	ILMN_1702229	MONOCYTE_CD14	22	/Users/em21/Projects/genetics-finemapping/output/study_id=CEDAR/phenotype_id=ILMN_1702229/biofeature=MONOCYTE_CD14/chrom=22/top_loci.json	/Users/em21/Projects/genetics-finemapping/output/study_id=CEDAR/phenotype_id=ILMN_1702229/biofeature=MONOCYTE_CD14/chrom=22/credible_set.json	/Users/em21/Projects/genetics-finemapping/log/study_id=CEDAR/phenotype_id=ILMN_1702229/biofeature=MONOCYTE_CD14/chrom=22/logfile.txt	/Users/em21/Projects/genetics-finemapping/log/study_id=CEDAR/phenotype_id=ILMN_1702229/biofeature=MONOCYTE_CD14/chrom=22	conditional	7.907638779060574e-06
eqtl	/Users/em21/Projects/genetics-finemapping/example_data/sumstats/molecular_trait/CEDAR.parquet	/Users/em21/Projects/reference_data/uk10k_2019Feb/3_liftover_to_GRCh38/output/{chrom}.ALSPAC_TWINSUK.maf01.beagle.csq.shapeit.20131101	CEDAR	ILMN_1697286	MONOCYTE_CD14	22	/Users/em21/Projects/genetics-finemapping/output/study_id=CEDAR/phenotype_id=ILMN_1697286/biofeature=MONOCYTE_CD14/chrom=22/top_loci.json	/Users/em21/Projects/genetics-finemapping/output/study_id=CEDAR/phenotype_id=ILMN_1697286/biofeature=MONOCYTE_CD14/chrom=22/credible_set.json	/Users/em21/Projects/genetics-finemapping/log/study_id=CEDAR/phenotype_id=ILMN_1697286/biofeature=MONOCYTE_CD14/chrom=22/logfile.txt	/Users/em21/Projects/genetics-finemapping/log/study_id=CEDAR/phenotype_id=ILMN_1697286/biofeature=MONOCYTE_CD14/chrom=22	conditional	7.797878976918279e-06
eqtl	/Users/em21/Projects/genetics-finemapping/example_data/sumstats/molecular_trait/CEDAR.parquet	/Users/em21/Projects/reference_data/uk10k_2019Feb/3_liftover_to_GRCh38/output/{chrom}.ALSPAC_TWINSUK.maf01.beagle.csq.shapeit.20131101	CEDAR	ILMN_3228301	MONOCYTE_CD14	22	/Users/em21/Projects/genetics-finemapping/output/study_id=CEDAR/phenotype_id=ILMN_3228301/biofeature=MONOCYTE_CD14/chrom=22/top_loci.json	/Users/em21/Projects/genetics-finemapping/output/study_id=CEDAR/phenotype_id=ILMN_3228301/biofeature=MONOCYTE_CD14/chrom=22/credible_set.json	/Users/em21/Projects/genetics-finemapping/log/study_id=CEDAR/phenotype_id=ILMN_3228301/biofeature=MONOCYTE_CD14/chrom=22/logfile.txt	/Users/em21/Projects/genetics-finemapping/log/study_id=CEDAR/phenotype_id=ILMN_3228301/biofeature=MONOCYTE_CD14/chrom=22	conditional	8.538251366120219e-06
eqtl	/Users/em21/Projects/genetics-finemapping/example_data/sumstats/molecular_trait/CEDAR.parquet	/Users/em21/Projects/reference_data/uk10k_2019Feb/3_liftover_to_GRCh38/output/{chrom}.ALSPAC_TWINSUK.maf01.beagle.csq.shapeit.20131101	CEDAR	ILMN_1677877	MONOCYTE_CD14	22	/Users/em21/Projects/genetics-finemapping/output/study_id=CEDAR/phenotype_id=ILMN_1677877/biofeature=MONOCYTE_CD14/chrom=22/top_loci.json	/Users/em21/Projects/genetics-finemapping/output/study_id=CEDAR/phenotype_id=ILMN_1677877/biofeature=MONOCYTE_CD14/chrom=22/credible_set.json	/Users/em21/Projects/genetics-finemapping/log/study_id=CEDAR/phenotype_id=ILMN_1677877/biofeature=MONOCYTE_CD14/chrom=22/logfile.txt	/Users/em21/Projects/genetics-finemapping/log/study_id=CEDAR/phenotype_id=ILMN_1677877/biofeature=MONOCYTE_CD14/chrom=22	conditional	8.86053517632465e-06
eqtl	/Users/em21/Projects/genetics-finemapping/example_data/sumstats/molecular_trait/CEDAR.parquet	/Users/em21/Projects/reference_data/uk10k_2019Feb/3_liftover_to_GRCh38/output/{chrom}.ALSPAC_TWINSUK.maf01.beagle.csq.shapeit.20131101	CEDAR	ILMN_1809307	MONOCYTE_CD14	22	/Users/em21/Projects/genetics-finemapping/output/study_id=CEDAR/phenotype_id=ILMN_1809307/biofeature=MONOCYTE_CD14/chrom=22/top_loci.json	/Users/em21/Projects/genetics-finemapping/output/study_id=CEDAR/phenotype_id=ILMN_1809307/biofeature=MONOCYTE_CD14/chrom=22/credible_set.json	/Users/em21/Projects/genetics-finemapping/log/study_id=CEDAR/phenotype_id=ILMN_1809307/biofeature=MONOCYTE_CD14/chrom=22/logfile.txt	/Users/em21/Projects/genetics-finemapping/log/study_id=CEDAR/phenotype_id=ILMN_1809307/biofeature=MONOCYTE_CD14/chrom=22	conditional	1.1967448539971279e-05
eqtl	/Users/em21/Projects/genetics-finemapping/example_data/sumstats/molecular_trait/CEDAR.parquet	/Users/em21/Projects/reference_data/uk10k_2019Feb/3_liftover_to_GRCh38/output/{chrom}.ALSPAC_TWINSUK.maf01.beagle.csq.shapeit.20131101	CEDAR	ILMN_1656477	MONOCYTE_CD14	22	/Users/em21/Projects/genetics-finemapping/output/study_id=CEDAR/phenotype_id=ILMN_1656477/biofeature=MONOCYTE_CD14/chrom=22/top_loci.json	/Users/em21/Projects/genetics-finemapping/output/study_id=CEDAR/phenotype_id=ILMN_1656477/biofeature=MONOCYTE_CD14/chrom=22/credible_set.json	/Users/em21/Projects/genetics-finemapping/log/study_id=CEDAR/phenotype_id=ILMN_1656477/biofeature=MONOCYTE_CD14/chrom=22/logfile.txt	/Users/em21/Projects/genetics-finemapping/log/study_id=CEDAR/phenotype_id=ILMN_1656477/biofeature=MONOCYTE_CD14/chrom=22	conditional	9.733307377846993e-06
eqtl	/Users/em21/Projects/genetics-finemapping/example_data/sumstats/molecular_trait/CEDAR.parquet	/Users/em21/Projects/reference_data/uk10k_2019Feb/3_liftover_to_GRCh38/output/{chrom}.ALSPAC_TWINSUK.maf01.beagle.csq.shapeit.20131101	CEDAR	ILMN_2274240	MONOCYTE_CD14	22	/Users/em21/Projects/genetics-finemapping/output/study_id=CEDAR/phenotype_id=ILMN_2274240/biofeature=MONOCYTE_CD14/chrom=22/top_loci.json	/Users/em21/Projects/genetics-finemapping/output/study_id=CEDAR/phenotype_id=ILMN_2274240/biofeature=MONOCYTE_CD14/chrom=22/credible_set.json	/Users/em21/Projects/genetics-finemapping/log/study_id=CEDAR/phenotype_id=ILMN_2274240/biofeature=MONOCYTE_CD14/chrom=22/logfile.txt	/Users/em21/Projects/genetics-finemapping/log/study_id=CEDAR/phenotype_id=ILMN_2274240/biofeature=MONOCYTE_CD14/chrom=22	conditional	6.68359844940516e-06
eqtl	/Users/em21/Projects/genetics-finemapping/example_data/sumstats/molecular_trait/CEDAR.parquet	/Users/em21/Projects/reference_data/uk10k_2019Feb/3_liftover_to_GRCh38/output/{chrom}.ALSPAC_TWINSUK.maf01.beagle.csq.shapeit.20131101	CEDAR	ILMN_1700031	MONOCYTE_CD14	22	/Users/em21/Projects/genetics-finemapping/output/study_id=CEDAR/phenotype_id=ILMN_1700031/biofeature=MONOCYTE_CD14/chrom=22/top_loci.json	/Users/em21/Projects/genetics-finemapping/output/study_id=CEDAR/phenotype_id=ILMN_1700031/biofeature=MONOCYTE_CD14/chrom=22/credible_set.json	/Users/em21/Projects/genetics-finemapping/log/study_id=CEDAR/phenotype_id=ILMN_1700031/biofeature=MONOCYTE_CD14/chrom=22/logfile.txt	/Users/em21/Projects/genetics-finemapping/log/study_id=CEDAR/phenotype_id=ILMN_1700031/biofeature=MONOCYTE_CD14/chrom=22	conditional	7.866582756450598e-06
eqtl	/Users/em21/Projects/genetics-finemapping/example_data/sumstats/molecular_trait/CEDAR.parquet	/Users/em21/Projects/reference_data/uk10k_2019Feb/3_liftover_to_GRCh38/output/{chrom}.ALSPAC_TWINSUK.maf01.beagle.csq.shapeit.20131101	CEDAR	ILMN_1759991	MONOCYTE_CD14	22	/Users/em21/Projects/genetics-finemapping/output/study_id=CEDAR/phenotype_id=ILMN_1759991/biofeature=MONOCYTE_CD14/chrom=22/top_loci.json	/Users/em21/Projects/genetics-finemapping/output/study_id=CEDAR/phenotype_id=ILMN_1759991/biofeature=MONOCYTE_CD14/chrom=22/credible_set.json	/Users/em21/Projects/genetics-finemapping/log/study_id=CEDAR/phenotype_id=ILMN_1759991/biofeature=MONOCYTE_CD14/chrom=22/logfile.txt	/Users/em21/Projects/genetics-finemapping/log/study_id=CEDAR/phenotype_id=ILMN_1759991/biofeature=MONOCYTE_CD14/chrom=22	conditional	7.5769055917563275e-06
eqtl	/Users/em21/Projects/genetics-finemapping/example_data/sumstats/molecular_trait/CEDAR.parquet	/Users/em21/Projects/reference_data/uk10k_2019Feb/3_liftover_to_GRCh38/output/{chrom}.ALSPAC_TWINSUK.maf01.beagle.csq.shapeit.20131101	CEDAR	ILMN_3238269	MONOCYTE_CD14	22	/Users/em21/Projects/genetics-finemapping/output/study_id=CEDAR/phenotype_id=ILMN_3238269/biofeature=MONOCYTE_CD14/chrom=22/top_loci.json	/Users/em21/Projects/genetics-finemapping/output/study_id=CEDAR/phenotype_id=ILMN_3238269/biofeature=MONOCYTE_CD14/chrom=22/credible_set.json	/Users/em21/Projects/genetics-finemapping/log/study_id=CEDAR/phenotype_id=ILMN_3238269/biofeature=MONOCYTE_CD14/chrom=22/logfile.txt	/Users/em21/Projects/genetics-finemapping/log/study_id=CEDAR/phenotype_id=ILMN_3238269/biofeature=MONOCYTE_CD14/chrom=22	conditional	7.965588657001754e-06
eqtl	/Users/em21/Projects/genetics-finemapping/example_data/sumstats/molecular_trait/CEDAR.parquet	/Users/em21/Projects/reference_data/uk10k_2019Feb/3_liftover_to_GRCh38/output/{chrom}.ALSPAC_TWINSUK.maf01.beagle.csq.shapeit.20131101	CEDAR	ILMN_1758823	MONOCYTE_CD14	22	/Users/em21/Projects/genetics-finemapping/output/study_id=CEDAR/phenotype_id=ILMN_1758823/biofeature=MONOCYTE_CD14/chrom=22/top_loci.json	/Users/em21/Projects/genetics-finemapping/output/study_id=CEDAR/phenotype_id=ILMN_1758823/biofeature=MONOCYTE_CD14/chrom=22/credible_set.json	/Users/em21/Projects/genetics-finemapping/log/study_id=CEDAR/phenotype_id=ILMN_1758823/biofeature=MONOCYTE_CD14/chrom=22/logfile.txt	/Users/em21/Projects/genetics-finemapping/log/study_id=CEDAR/phenotype_id=ILMN_1758823/biofeature=MONOCYTE_CD14/chrom=22	conditional	7.289692374981776e-06
eqtl	/Users/em21/Projects/genetics-finemapping/example_data/sumstats/molecular_trait/CEDAR.parquet	/Users/em21/Projects/reference_data/uk10k_2019Feb/3_liftover_to_GRCh38/output/{chrom}.ALSPAC_TWINSUK.maf01.beagle.csq.shapeit.20131101	CEDAR	ILMN_1692664	MONOCYTE_CD14	22	/Users/em21/Projects/genetics-finemapping/output/study_id=CEDAR/phenotype_id=ILMN_1692664/biofeature=MONOCYTE_CD14/chrom=22/top_loci.json	/Users/em21/Projects/genetics-finemapping/output/study_id=CEDAR/phenotype_id=ILMN_1692664/biofeature=MONOCYTE_CD14/chrom=22/credible_set.json	/Users/em21/Projects/genetics-finemapping/log/study_id=CEDAR/phenotype_id=ILMN_1692664/biofeature=MONOCYTE_CD14/chrom=22/logfile.txt	/Users/em21/Projects/genetics-finemapping/log/study_id=CEDAR/phenotype_id=ILMN_1692664/biofeature=MONOCYTE_CD14/chrom=22	conditional	5.060216577269508e-06
eqtl	/Users/em21/Projects/genetics-finemapping/example_data/sumstats/molecular_trait/CEDAR.parquet	/Users/em21/Projects/reference_data/uk10k_2019Feb/3_liftover_to_GRCh38/output/{chrom}.ALSPAC_TWINSUK.maf01.beagle.csq.shapeit.20131101	CEDAR	ILMN_2349658	MONOCYTE_CD14	22	/Users/em21/Projects/genetics-finemapping/output/study_id=CEDAR/phenotype_id=ILMN_2349658/biofeature=MONOCYTE_CD14/chrom=22/top_loci.json	/Users/em21/Projects/genetics-finemapping/output/study_id=CEDAR/phenotype_id=ILMN_2349658/biofeature=MONOCYTE_CD14/chrom=22/credible_set.json	/Users/em21/Projects/genetics-finemapping/log/study_id=CEDAR/phenotype_id=ILMN_2349658/biofeature=MONOCYTE_CD14/chrom=22/logfile.txt	/Users/em21/Projects/genetics-finemapping/log/study_id=CEDAR/phenotype_id=ILMN_2349658/biofeature=MONOCYTE_CD14/chrom=22	conditional	6.015399422521656e-06
eqtl	/Users/em21/Projects/genetics-finemapping/example_data/sumstats/molecular_trait/CEDAR.parquet	/Users/em21/Projects/reference_data/uk10k_2019Feb/3_liftover_to_GRCh38/output/{chrom}.ALSPAC_TWINSUK.maf01.beagle.csq.shapeit.20131101	CEDAR	ILMN_1670668	MONOCYTE_CD14	22	/Users/em21/Projects/genetics-finemapping/output/study_id=CEDAR/phenotype_id=ILMN_1670668/biofeature=MONOCYTE_CD14/chrom=22/top_loci.json	/Users/em21/Projects/genetics-finemapping/output/study_id=CEDAR/phenotype_id=ILMN_1670668/biofeature=MONOCYTE_CD14/chrom=22/credible_set.json	/Users/em21/Projects/genetics-finemapping/log/study_id=CEDAR/phenotype_id=ILMN_1670668/biofeature=MONOCYTE_CD14/chrom=22/logfile.txt	/Users/em21/Projects/genetics-finemapping/log/study_id=CEDAR/phenotype_id=ILMN_1670668/biofeature=MONOCYTE_CD14/chrom=22	conditional	7.37571913261543e-06
eqtl	/Users/em21/Projects/genetics-finemapping/example_data/sumstats/molecular_trait/CEDAR.parquet	/Users/em21/Projects/reference_data/uk10k_2019Feb/3_liftover_to_GRCh38/output/{chrom}.ALSPAC_TWINSUK.maf01.beagle.csq.shapeit.20131101	CEDAR	ILMN_1670398	MONOCYTE_CD14	22	/Users/em21/Projects/genetics-finemapping/output/study_id=CEDAR/phenotype_id=ILMN_1670398/biofeature=MONOCYTE_CD14/chrom=22/top_loci.json	/Users/em21/Projects/genetics-finemapping/output/study_id=CEDAR/phenotype_id=ILMN_1670398/biofeature=MONOCYTE_CD14/chrom=22/credible_set.json	/Users/em21/Projects/genetics-finemapping/log/study_id=CEDAR/phenotype_id=ILMN_1670398/biofeature=MONOCYTE_CD14/chrom=22/logfile.txt	/Users/em21/Projects/genetics-finemapping/log/study_id=CEDAR/phenotype_id=ILMN_1670398/biofeature=MONOCYTE_CD14/chrom=22	conditional	8.012820512820513e-06
eqtl	/Users/em21/Projects/genetics-finemapping/example_data/sumstats/molecular_trait/CEDAR.parquet	/Users/em21/Projects/reference_data/uk10k_2019Feb/3_liftover_to_GRCh38/output/{chrom}.ALSPAC_TWINSUK.maf01.beagle.csq.shapeit.20131101	CEDAR	ILMN_2322375	MONOCYTE_CD14	22	/Users/em21/Projects/genetics-finemapping/output/study_id=CEDAR/phenotype_id=ILMN_2322375/biofeature=MONOCYTE_CD14/chrom=22/top_loci.json	/Users/em21/Projects/genetics-finemapping/output/study_id=CEDAR/phenotype_id=ILMN_2322375/biofeature=MONOCYTE_CD14/chrom=22/credible_set.json	/Users/em21/Projects/genetics-finemapping/log/study_id=CEDAR/phenotype_id=ILMN_2322375/biofeature=MONOCYTE_CD14/chrom=22/logfile.txt	/Users/em21/Projects/genetics-finemapping/log/study_id=CEDAR/phenotype_id=ILMN_2322375/biofeature=MONOCYTE_CD14/chrom=22	conditional	7.77967947720554e-06
eqtl	/Users/em21/Projects/genetics-finemapping/example_data/sumstats/molecular_trait/CEDAR.parquet	/Users/em21/Projects/reference_data/uk10k_2019Feb/3_liftover_to_GRCh38/output/{chrom}.ALSPAC_TWINSUK.maf01.beagle.csq.shapeit.20131101	CEDAR	ILMN_2274240	MONOCYTE_CD14	22	/Users/em21/Projects/genetics-finemapping/output/study_id=CEDAR/phenotype_id=ILMN_2274240/biofeature=MONOCYTE_CD14/chrom=22/top_loci.json	/Users/em21/Projects/genetics-finemapping/output/study_id=CEDAR/phenotype_id=ILMN_2274240/biofeature=MONOCYTE_CD14/chrom=22/credible_set.json	/Users/em21/Projects/genetics-finemapping/log/study_id=CEDAR/phenotype_id=ILMN_2274240/biofeature=MONOCYTE_CD14/chrom=22/logfile.txt	/Users/em21/Projects/genetics-finemapping/log/study_id=CEDAR/phenotype_id=ILMN_2274240/biofeature=MONOCYTE_CD14/chrom=22	conditional	6.68359844940516e-06
eqtl	/Users/em21/Projects/genetics-finemapping/example_data/sumstats/molecular_trait/CEDAR.parquet	/Users/em21/Projects/reference_data/uk10k_2019Feb/3_liftover_to_GRCh38/output/{chrom}.ALSPAC_TWINSUK.maf01.beagle.csq.shapeit.20131101	CEDAR	ILMN_3247737	MONOCYTE_CD14	22	/Users/em21/Projects/genetics-finemapping/output/study_id=CEDAR/phenotype_id=ILMN_3247737/biofeature=MONOCYTE_CD14/chrom=22/top_loci.json	/Users/em21/Projects/genetics-finemapping/output/study_id=CEDAR/phenotype_id=ILMN_3247737/biofeature=MONOCYTE_CD14/chrom=22/credible_set.json	/Users/em21/Projects/genetics-finemapping/log/study_id=CEDAR/phenotype_id=ILMN_3247737/biofeature=MONOCYTE_CD14/chrom=22/logfile.txt	/Users/em21/Projects/genetics-finemapping/log/study_id=CEDAR/phenotype_id=ILMN_3247737/biofeature=MONOCYTE_CD14/chrom=22	conditional	8.558712769599453e-06
eqtl	/Users/em21/Projects/genetics-finemapping/example_data/sumstats/molecular_trait/CEDAR.parquet	/Users/em21/Projects/reference_data/uk10k_2019Feb/3_liftover_to_GRCh38/output/{chrom}.ALSPAC_TWINSUK.maf01.beagle.csq.shapeit.20131101	CEDAR	ILMN_1656521	MONOCYTE_CD14	22	/Users/em21/Projects/genetics-finemapping/output/study_id=CEDAR/phenotype_id=ILMN_1656521/biofeature=MONOCYTE_CD14/chrom=22/top_loci.json	/Users/em21/Projects/genetics-finemapping/output/study_id=CEDAR/phenotype_id=ILMN_1656521/biofeature=MONOCYTE_CD14/chrom=22/credible_set.json	/Users/em21/Projects/genetics-finemapping/log/study_id=CEDAR/phenotype_id=ILMN_1656521/biofeature=MONOCYTE_CD14/chrom=22/logfile.txt	/Users/em21/Projects/genetics-finemapping/log/study_id=CEDAR/phenotype_id=ILMN_1656521/biofeature=MONOCYTE_CD14/chrom=22	conditional	6.76132521974307e-06
eqtl	/Users/em21/Projects/genetics-finemapping/example_data/sumstats/molecular_trait/CEDAR.parquet	/Users/em21/Projects/reference_data/uk10k_2019Feb/3_liftover_to_GRCh38/output/{chrom}.ALSPAC_TWINSUK.maf01.beagle.csq.shapeit.20131101	CEDAR	ILMN_2059535	MONOCYTE_CD14	22	/Users/em21/Projects/genetics-finemapping/output/study_id=CEDAR/phenotype_id=ILMN_2059535/biofeature=MONOCYTE_CD14/chrom=22/top_loci.json	/Users/em21/Projects/genetics-finemapping/output/study_id=CEDAR/phenotype_id=ILMN_2059535/biofeature=MONOCYTE_CD14/chrom=22/credible_set.json	/Users/em21/Projects/genetics-finemapping/log/study_id=CEDAR/phenotype_id=ILMN_2059535/biofeature=MONOCYTE_CD14/chrom=22/logfile.txt	/Users/em21/Projects/genetics-finemapping/log/study_id=CEDAR/phenotype_id=ILMN_2059535/biofeature=MONOCYTE_CD14/chrom=22	conditional	1.0794473229706392e-05
eqtl	/Users/em21/Projects/genetics-finemapping/example_data/sumstats/molecular_trait/CEDAR.parquet	/Users/em21/Projects/reference_data/uk10k_2019Feb/3_liftover_to_GRCh38/output/{chrom}.ALSPAC_TWINSUK.maf01.beagle.csq.shapeit.20131101	CEDAR	ILMN_1763460	MONOCYTE_CD14	22	/Users/em21/Projects/genetics-finemapping/output/study_id=CEDAR/phenotype_id=ILMN_1763460/biofeature=MONOCYTE_CD14/chrom=22/top_loci.json	/Users/em21/Projects/genetics-finemapping/output/study_id=CEDAR/phenotype_id=ILMN_1763460/biofeature=MONOCYTE_CD14/chrom=22/credible_set.json	/Users/em21/Projects/genetics-finemapping/log/study_id=CEDAR/phenotype_id=ILMN_1763460/biofeature=MONOCYTE_CD14/chrom=22/logfile.txt	/Users/em21/Projects/genetics-finemapping/log/study_id=CEDAR/phenotype_id=ILMN_1763460/biofeature=MONOCYTE_CD14/chrom=22	conditional	9.417969485778866e-06
eqtl	/Users/em21/Projects/genetics-finemapping/example_data/sumstats/molecular_trait/CEDAR.parquet	/Users/em21/Projects/reference_data/uk10k_2019Feb/3_liftover_to_GRCh38/output/{chrom}.ALSPAC_TWINSUK.maf01.beagle.csq.shapeit.20131101	CEDAR	ILMN_1686283	MONOCYTE_CD14	22	/Users/em21/Projects/genetics-finemapping/output/study_id=CEDAR/phenotype_id=ILMN_1686283/biofeature=MONOCYTE_CD14/chrom=22/top_loci.json	/Users/em21/Projects/genetics-finemapping/output/study_id=CEDAR/phenotype_id=ILMN_1686283/biofeature=MONOCYTE_CD14/chrom=22/credible_set.json	/Users/em21/Projects/genetics-finemapping/log/study_id=CEDAR/phenotype_id=ILMN_1686283/biofeature=MONOCYTE_CD14/chrom=22/logfile.txt	/Users/em21/Projects/genetics-finemapping/log/study_id=CEDAR/phenotype_id=ILMN_1686283/biofeature=MONOCYTE_CD14/chrom=22	conditional	7.601094557616297e-06
eqtl	/Users/em21/Projects/genetics-finemapping/example_data/sumstats/molecular_trait/CEDAR.parquet	/Users/em21/Projects/reference_data/uk10k_2019Feb/3_liftover_to_GRCh38/output/{chrom}.ALSPAC_TWINSUK.maf01.beagle.csq.shapeit.20131101	CEDAR	ILMN_1761044	MONOCYTE_CD14	22	/Users/em21/Projects/genetics-finemapping/output/study_id=CEDAR/phenotype_id=ILMN_1761044/biofeature=MONOCYTE_CD14/chrom=22/top_loci.json	/Users/em21/Projects/genetics-finemapping/output/study_id=CEDAR/phenotype_id=ILMN_1761044/biofeature=MONOCYTE_CD14/chrom=22/credible_set.json	/Users/em21/Projects/genetics-finemapping/log/study_id=CEDAR/phenotype_id=ILMN_1761044/biofeature=MONOCYTE_CD14/chrom=22/logfile.txt	/Users/em21/Projects/genetics-finemapping/log/study_id=CEDAR/phenotype_id=ILMN_1761044/biofeature=MONOCYTE_CD14/chrom=22	conditional	6.775067750677507e-06
eqtl	/Users/em21/Projects/genetics-finemapping/example_data/sumstats/molecular_trait/CEDAR.parquet	/Users/em21/Projects/reference_data/uk10k_2019Feb/3_liftover_to_GRCh38/output/{chrom}.ALSPAC_TWINSUK.maf01.beagle.csq.shapeit.20131101	CEDAR	ILMN_1723706	MONOCYTE_CD14	22	/Users/em21/Projects/genetics-finemapping/output/study_id=CEDAR/phenotype_id=ILMN_1723706/biofeature=MONOCYTE_CD14/chrom=22/top_loci.json	/Users/em21/Projects/genetics-finemapping/output/study_id=CEDAR/phenotype_id=ILMN_1723706/biofeature=MONOCYTE_CD14/chrom=22/credible_set.json	/Users/em21/Projects/genetics-finemapping/log/study_id=CEDAR/phenotype_id=ILMN_1723706/biofeature=MONOCYTE_CD14/chrom=22/logfile.txt	/Users/em21/Projects/genetics-finemapping/log/study_id=CEDAR/phenotype_id=ILMN_1723706/biofeature=MONOCYTE_CD14/chrom=22	conditional	6.430041152263375e-06
eqtl	/Users/em21/Projects/genetics-finemapping/example_data/sumstats/molecular_trait/CEDAR.parquet	/Users/em21/Projects/reference_data/uk10k_2019Feb/3_liftover_to_GRCh38/output/{chrom}.ALSPAC_TWINSUK.maf01.beagle.csq.shapeit.20131101	CEDAR	ILMN_2296950	MONOCYTE_CD14	22	/Users/em21/Projects/genetics-finemapping/output/study_id=CEDAR/phenotype_id=ILMN_2296950/biofeature=MONOCYTE_CD14/chrom=22/top_loci.json	/Users/em21/Projects/genetics-finemapping/output/study_id=CEDAR/phenotype_id=ILMN_2296950/biofeature=MONOCYTE_CD14/chrom=22/credible_set.json	/Users/em21/Projects/genetics-finemapping/log/study_id=CEDAR/phenotype_id=ILMN_2296950/biofeature=MONOCYTE_CD14/chrom=22/logfile.txt	/Users/em21/Projects/genetics-finemapping/log/study_id=CEDAR/phenotype_id=ILMN_2296950/biofeature=MONOCYTE_CD14/chrom=22	conditional	8.4331253162422e-06
eqtl	/Users/em21/Projects/genetics-finemapping/example_data/sumstats/molecular_trait/CEDAR.parquet	/Users/em21/Projects/reference_data/uk10k_2019Feb/3_liftover_to_GRCh38/output/{chrom}.ALSPAC_TWINSUK.maf01.beagle.csq.shapeit.20131101	CEDAR	ILMN_1663113	MONOCYTE_CD14	22	/Users/em21/Projects/genetics-finemapping/output/study_id=CEDAR/phenotype_id=ILMN_1663113/biofeature=MONOCYTE_CD14/chrom=22/top_loci.json	/Users/em21/Projects/genetics-finemapping/output/study_id=CEDAR/phenotype_id=ILMN_1663113/biofeature=MONOCYTE_CD14/chrom=22/credible_set.json	/Users/em21/Projects/genetics-finemapping/log/study_id=CEDAR/phenotype_id=ILMN_1663113/biofeature=MONOCYTE_CD14/chrom=22/logfile.txt	/Users/em21/Projects/genetics-finemapping/log/study_id=CEDAR/phenotype_id=ILMN_1663113/biofeature=MONOCYTE_CD14/chrom=22	conditional	5.963029218843172e-06
eqtl	/Users/em21/Projects/genetics-finemapping/example_data/sumstats/molecular_trait/CEDAR.parquet	/Users/em21/Projects/reference_data/uk10k_2019Feb/3_liftover_to_GRCh38/output/{chrom}.ALSPAC_TWINSUK.maf01.beagle.csq.shapeit.20131101	CEDAR	ILMN_1653783	MONOCYTE_CD14	22	/Users/em21/Projects/genetics-finemapping/output/study_id=CEDAR/phenotype_id=ILMN_1653783/biofeature=MONOCYTE_CD14/chrom=22/top_loci.json	/Users/em21/Projects/genetics-finemapping/output/study_id=CEDAR/phenotype_id=ILMN_1653783/biofeature=MONOCYTE_CD14/chrom=22/credible_set.json	/Users/em21/Projects/genetics-finemapping/log/study_id=CEDAR/phenotype_id=ILMN_1653783/biofeature=MONOCYTE_CD14/chrom=22/logfile.txt	/Users/em21/Projects/genetics-finemapping/log/study_id=CEDAR/phenotype_id=ILMN_1653783/biofeature=MONOCYTE_CD14/chrom=22	conditional	5.847953216374269e-06
eqtl	/Users/em21/Projects/genetics-finemapping/example_data/sumstats/molecular_trait/CEDAR.parquet	/Users/em21/Projects/reference_data/uk10k_2019Feb/3_liftover_to_GRCh38/output/{chrom}.ALSPAC_TWINSUK.maf01.beagle.csq.shapeit.20131101	CEDAR	ILMN_2331205	MONOCYTE_CD14	22	/Users/em21/Projects/genetics-finemapping/output/study_id=CEDAR/phenotype_id=ILMN_2331205/biofeature=MONOCYTE_CD14/chrom=22/top_loci.json	/Users/em21/Projects/genetics-finemapping/output/study_id=CEDAR/phenotype_id=ILMN_2331205/biofeature=MONOCYTE_CD14/chrom=22/credible_set.json	/Users/em21/Projects/genetics-finemapping/log/study_id=CEDAR/phenotype_id=ILMN_2331205/biofeature=MONOCYTE_CD14/chrom=22/logfile.txt	/Users/em21/Projects/genetics-finemapping/log/study_id=CEDAR/phenotype_id=ILMN_2331205/biofeature=MONOCYTE_CD14/chrom=22	conditional	9.480470231323474e-06
eqtl	/Users/em21/Projects/genetics-finemapping/example_data/sumstats/molecular_trait/CEDAR.parquet	/Users/em21/Projects/reference_data/uk10k_2019Feb/3_liftover_to_GRCh38/output/{chrom}.ALSPAC_TWINSUK.maf01.beagle.csq.shapeit.20131101	CEDAR	ILMN_1734288	MONOCYTE_CD14	22	/Users/em21/Projects/genetics-finemapping/output/study_id=CEDAR/phenotype_id=ILMN_1734288/biofeature=MONOCYTE_CD14/chrom=22/top_loci.json	/Users/em21/Projects/genetics-finemapping/output/study_id=CEDAR/phenotype_id=ILMN_1734288/biofeature=MONOCYTE_CD14/chrom=22/credible_set.json	/Users/em21/Projects/genetics-finemapping/log/study_id=CEDAR/phenotype_id=ILMN_1734288/biofeature=MONOCYTE_CD14/chrom=22/logfile.txt	/Users/em21/Projects/genetics-finemapping/log/study_id=CEDAR/phenotype_id=ILMN_1734288/biofeature=MONOCYTE_CD14/chrom=22	conditional	7.65579543714592e-06
eqtl	/Users/em21/Projects/genetics-finemapping/example_data/sumstats/molecular_trait/CEDAR.parquet	/Users/em21/Projects/reference_data/uk10k_2019Feb/3_liftover_to_GRCh38/output/{chrom}.ALSPAC_TWINSUK.maf01.beagle.csq.shapeit.20131101	CEDAR	ILMN_1681679	MONOCYTE_CD14	22	/Users/em21/Projects/genetics-finemapping/output/study_id=CEDAR/phenotype_id=ILMN_1681679/biofeature=MONOCYTE_CD14/chrom=22/top_loci.json	/Users/em21/Projects/genetics-finemapping/output/study_id=CEDAR/phenotype_id=ILMN_1681679/biofeature=MONOCYTE_CD14/chrom=22/credible_set.json	/Users/em21/Projects/genetics-finemapping/log/study_id=CEDAR/phenotype_id=ILMN_1681679/biofeature=MONOCYTE_CD14/chrom=22/logfile.txt	/Users/em21/Projects/genetics-finemapping/log/study_id=CEDAR/phenotype_id=ILMN_1681679/biofeature=MONOCYTE_CD14/chrom=22	conditional	6.015399422521656e-06
eqtl	/Users/em21/Projects/genetics-finemapping/example_data/sumstats/molecular_trait/CEDAR.parquet	/Users/em21/Projects/reference_data/uk10k_2019Feb/3_liftover_to_GRCh38/output/{chrom}.ALSPAC_TWINSUK.maf01.beagle.csq.shapeit.20131101	CEDAR	ILMN_2262930	MONOCYTE_CD14	22	/Users/em21/Projects/genetics-finemapping/output/study_id=CEDAR/phenotype_id=ILMN_2262930/biofeature=MONOCYTE_CD14/chrom=22/top_loci.json	/Users/em21/Projects/genetics-finemapping/output/study_id=CEDAR/phenotype_id=ILMN_2262930/biofeature=MONOCYTE_CD14/chrom=22/credible_set.json	/Users/em21/Projects/genetics-finemapping/log/study_id=CEDAR/phenotype_id=ILMN_2262930/biofeature=MONOCYTE_CD14/chrom=22/logfile.txt	/Users/em21/Projects/genetics-finemapping/log/study_id=CEDAR/phenotype_id=ILMN_2262930/biofeature=MONOCYTE_CD14/chrom=22	conditional	9.58956655159187e-06
eqtl	/Users/em21/Projects/genetics-finemapping/example_data/sumstats/molecular_trait/CEDAR.parquet	/Users/em21/Projects/reference_data/uk10k_2019Feb/3_liftover_to_GRCh38/output/{chrom}.ALSPAC_TWINSUK.maf01.beagle.csq.shapeit.20131101	CEDAR	ILMN_1780236	MONOCYTE_CD14	22	/Users/em21/Projects/genetics-finemapping/output/study_id=CEDAR/phenotype_id=ILMN_1780236/biofeature=MONOCYTE_CD14/chrom=22/top_loci.json	/Users/em21/Projects/genetics-finemapping/output/study_id=CEDAR/phenotype_id=ILMN_1780236/biofeature=MONOCYTE_CD14/chrom=22/credible_set.json	/Users/em21/Projects/genetics-finemapping/log/study_id=CEDAR/phenotype_id=ILMN_1780236/biofeature=MONOCYTE_CD14/chrom=22/logfile.txt	/Users/em21/Projects/genetics-finemapping/log/study_id=CEDAR/phenotype_id=ILMN_1780236/biofeature=MONOCYTE_CD14/chrom=22	conditional	9.703085581214827e-06
eqtl	/Users/em21/Projects/genetics-finemapping/example_data/sumstats/molecular_trait/CEDAR.parquet	/Users/em21/Projects/reference_data/uk10k_2019Feb/3_liftover_to_GRCh38/output/{chrom}.ALSPAC_TWINSUK.maf01.beagle.csq.shapeit.20131101	CEDAR	ILMN_1690982	MONOCYTE_CD14	22	/Users/em21/Projects/genetics-finemapping/output/study_id=CEDAR/phenotype_id=ILMN_1690982/biofeature=MONOCYTE_CD14/chrom=22/top_loci.json	/Users/em21/Projects/genetics-finemapping/output/study_id=CEDAR/phenotype_id=ILMN_1690982/biofeature=MONOCYTE_CD14/chrom=22/credible_set.json	/Users/em21/Projects/genetics-finemapping/log/study_id=CEDAR/phenotype_id=ILMN_1690982/biofeature=MONOCYTE_CD14/chrom=22/logfile.txt	/Users/em21/Projects/genetics-finemapping/log/study_id=CEDAR/phenotype_id=ILMN_1690982/biofeature=MONOCYTE_CD14/chrom=22	conditional	6.811061163329247e-06
eqtl	/Users/em21/Projects/genetics-finemapping/example_data/sumstats/molecular_trait/CEDAR.parquet	/Users/em21/Projects/reference_data/uk10k_2019Feb/3_liftover_to_GRCh38/output/{chrom}.ALSPAC_TWINSUK.maf01.beagle.csq.shapeit.20131101	CEDAR	ILMN_1751851	MONOCYTE_CD14	22	/Users/em21/Projects/genetics-finemapping/output/study_id=CEDAR/phenotype_id=ILMN_1751851/biofeature=MONOCYTE_CD14/chrom=22/top_loci.json	/Users/em21/Projects/genetics-finemapping/output/study_id=CEDAR/phenotype_id=ILMN_1751851/biofeature=MONOCYTE_CD14/chrom=22/credible_set.json	/Users/em21/Projects/genetics-finemapping/log/study_id=CEDAR/phenotype_id=ILMN_1751851/biofeature=MONOCYTE_CD14/chrom=22/logfile.txt	/Users/em21/Projects/genetics-finemapping/log/study_id=CEDAR/phenotype_id=ILMN_1751851/biofeature=MONOCYTE_CD14/chrom=22	conditional	7.601094557616297e-06
eqtl	/Users/em21/Projects/genetics-finemapping/example_data/sumstats/molecular_trait/CEDAR.parquet	/Users/em21/Projects/reference_data/uk10k_2019Feb/3_liftover_to_GRCh38/output/{chrom}.ALSPAC_TWINSUK.maf01.beagle.csq.shapeit.20131101	CEDAR	ILMN_2130635	MONOCYTE_CD14	22	/Users/em21/Projects/genetics-finemapping/output/study_id=CEDAR/phenotype_id=ILMN_2130635/biofeature=MONOCYTE_CD14/chrom=22/top_loci.json	/Users/em21/Projects/genetics-finemapping/output/study_id=CEDAR/phenotype_id=ILMN_2130635/biofeature=MONOCYTE_CD14/chrom=22/credible_set.json	/Users/em21/Projects/genetics-finemapping/log/study_id=CEDAR/phenotype_id=ILMN_2130635/biofeature=MONOCYTE_CD14/chrom=22/logfile.txt	/Users/em21/Projects/genetics-finemapping/log/study_id=CEDAR/phenotype_id=ILMN_2130635/biofeature=MONOCYTE_CD14/chrom=22	conditional	6.636580833554553e-06
eqtl	/Users/em21/Projects/genetics-finemapping/example_data/sumstats/molecular_trait/CEDAR.parquet	/Users/em21/Projects/reference_data/uk10k_2019Feb/3_liftover_to_GRCh38/output/{chrom}.ALSPAC_TWINSUK.maf01.beagle.csq.shapeit.20131101	CEDAR	ILMN_1784651	MONOCYTE_CD14	22	/Users/em21/Projects/genetics-finemapping/output/study_id=CEDAR/phenotype_id=ILMN_1784651/biofeature=MONOCYTE_CD14/chrom=22/top_loci.json	/Users/em21/Projects/genetics-finemapping/output/study_id=CEDAR/phenotype_id=ILMN_1784651/biofeature=MONOCYTE_CD14/chrom=22/credible_set.json	/Users/em21/Projects/genetics-finemapping/log/study_id=CEDAR/phenotype_id=ILMN_1784651/biofeature=MONOCYTE_CD14/chrom=22/logfile.txt	/Users/em21/Projects/genetics-finemapping/log/study_id=CEDAR/phenotype_id=ILMN_1784651/biofeature=MONOCYTE_CD14/chrom=22	conditional	8.061915511125445e-06
eqtl	/Users/em21/Projects/genetics-finemapping/example_data/sumstats/molecular_trait/CEDAR.parquet	/Users/em21/Projects/reference_data/uk10k_2019Feb/3_liftover_to_GRCh38/output/{chrom}.ALSPAC_TWINSUK.maf01.beagle.csq.shapeit.20131101	CEDAR	ILMN_1755737	MONOCYTE_CD14	22	/Users/em21/Projects/genetics-finemapping/output/study_id=CEDAR/phenotype_id=ILMN_1755737/biofeature=MONOCYTE_CD14/chrom=22/top_loci.json	/Users/em21/Projects/genetics-finemapping/output/study_id=CEDAR/phenotype_id=ILMN_1755737/biofeature=MONOCYTE_CD14/chrom=22/credible_set.json	/Users/em21/Projects/genetics-finemapping/log/study_id=CEDAR/phenotype_id=ILMN_1755737/biofeature=MONOCYTE_CD14/chrom=22/logfile.txt	/Users/em21/Projects/genetics-finemapping/log/study_id=CEDAR/phenotype_id=ILMN_1755737/biofeature=MONOCYTE_CD14/chrom=22	conditional	6.539366989275438e-06
eqtl	/Users/em21/Projects/genetics-finemapping/example_data/sumstats/molecular_trait/CEDAR.parquet	/Users/em21/Projects/reference_data/uk10k_2019Feb/3_liftover_to_GRCh38/output/{chrom}.ALSPAC_TWINSUK.maf01.beagle.csq.shapeit.20131101	CEDAR	ILMN_2339779	MONOCYTE_CD14	22	/Users/em21/Projects/genetics-finemapping/output/study_id=CEDAR/phenotype_id=ILMN_2339779/biofeature=MONOCYTE_CD14/chrom=22/top_loci.json	/Users/em21/Projects/genetics-finemapping/output/study_id=CEDAR/phenotype_id=ILMN_2339779/biofeature=MONOCYTE_CD14/chrom=22/credible_set.json	/Users/em21/Projects/genetics-finemapping/log/study_id=CEDAR/phenotype_id=ILMN_2339779/biofeature=MONOCYTE_CD14/chrom=22/logfile.txt	/Users/em21/Projects/genetics-finemapping/log/study_id=CEDAR/phenotype_id=ILMN_2339779/biofeature=MONOCYTE_CD14/chrom=22	conditional	7.707723138584862e-06
eqtl	/Users/em21/Projects/genetics-finemapping/example_data/sumstats/molecular_trait/CEDAR.parquet	/Users/em21/Projects/reference_data/uk10k_2019Feb/3_liftover_to_GRCh38/output/{chrom}.ALSPAC_TWINSUK.maf01.beagle.csq.shapeit.20131101	CEDAR	ILMN_3238196	MONOCYTE_CD14	22	/Users/em21/Projects/genetics-finemapping/output/study_id=CEDAR/phenotype_id=ILMN_3238196/biofeature=MONOCYTE_CD14/chrom=22/top_loci.json	/Users/em21/Projects/genetics-finemapping/output/study_id=CEDAR/phenotype_id=ILMN_3238196/biofeature=MONOCYTE_CD14/chrom=22/credible_set.json	/Users/em21/Projects/genetics-finemapping/log/study_id=CEDAR/phenotype_id=ILMN_3238196/biofeature=MONOCYTE_CD14/chrom=22/logfile.txt	/Users/em21/Projects/genetics-finemapping/log/study_id=CEDAR/phenotype_id=ILMN_3238196/biofeature=MONOCYTE_CD14/chrom=22	conditional	6.879471656576776e-06
eqtl	/Users/em21/Projects/genetics-finemapping/example_data/sumstats/molecular_trait/CEDAR.parquet	/Users/em21/Projects/reference_data/uk10k_2019Feb/3_liftover_to_GRCh38/output/{chrom}.ALSPAC_TWINSUK.maf01.beagle.csq.shapeit.20131101	CEDAR	ILMN_2099301	MONOCYTE_CD14	22	/Users/em21/Projects/genetics-finemapping/output/study_id=CEDAR/phenotype_id=ILMN_2099301/biofeature=MONOCYTE_CD14/chrom=22/top_loci.json	/Users/em21/Projects/genetics-finemapping/output/study_id=CEDAR/phenotype_id=ILMN_2099301/biofeature=MONOCYTE_CD14/chrom=22/credible_set.json	/Users/em21/Projects/genetics-finemapping/log/study_id=CEDAR/phenotype_id=ILMN_2099301/biofeature=MONOCYTE_CD14/chrom=22/logfile.txt	/Users/em21/Projects/genetics-finemapping/log/study_id=CEDAR/phenotype_id=ILMN_2099301/biofeature=MONOCYTE_CD14/chrom=22	conditional	8.364001338240215e-06
eqtl	/Users/em21/Projects/genetics-finemapping/example_data/sumstats/molecular_trait/CEDAR.parquet	/Users/em21/Projects/reference_data/uk10k_2019Feb/3_liftover_to_GRCh38/output/{chrom}.ALSPAC_TWINSUK.maf01.beagle.csq.shapeit.20131101	CEDAR	ILMN_1687306	MONOCYTE_CD14	22	/Users/em21/Projects/genetics-finemapping/output/study_id=CEDAR/phenotype_id=ILMN_1687306/biofeature=MONOCYTE_CD14/chrom=22/top_loci.json	/Users/em21/Projects/genetics-finemapping/output/study_id=CEDAR/phenotype_id=ILMN_1687306/biofeature=MONOCYTE_CD14/chrom=22/credible_set.json	/Users/em21/Projects/genetics-finemapping/log/study_id=CEDAR/phenotype_id=ILMN_1687306/biofeature=MONOCYTE_CD14/chrom=22/logfile.txt	/Users/em21/Projects/genetics-finemapping/log/study_id=CEDAR/phenotype_id=ILMN_1687306/biofeature=MONOCYTE_CD14/chrom=22	conditional	7.5278530563083415e-06
eqtl	/Users/em21/Projects/genetics-finemapping/example_data/sumstats/molecular_trait/CEDAR.parquet	/Users/em21/Projects/reference_data/uk10k_2019Feb/3_liftover_to_GRCh38/output/{chrom}.ALSPAC_TWINSUK.maf01.beagle.csq.shapeit.20131101	CEDAR	ILMN_1785005	MONOCYTE_CD14	22	/Users/em21/Projects/genetics-finemapping/output/study_id=CEDAR/phenotype_id=ILMN_1785005/biofeature=MONOCYTE_CD14/chrom=22/top_loci.json	/Users/em21/Projects/genetics-finemapping/output/study_id=CEDAR/phenotype_id=ILMN_1785005/biofeature=MONOCYTE_CD14/chrom=22/credible_set.json	/Users/em21/Projects/genetics-finemapping/log/study_id=CEDAR/phenotype_id=ILMN_1785005/biofeature=MONOCYTE_CD14/chrom=22/logfile.txt	/Users/em21/Projects/genetics-finemapping/log/study_id=CEDAR/phenotype_id=ILMN_1785005/biofeature=MONOCYTE_CD14/chrom=22	conditional	6.616382162233691e-06
eqtl	/Users/em21/Projects/genetics-finemapping/example_data/sumstats/molecular_trait/CEDAR.parquet	/Users/em21/Projects/reference_data/uk10k_2019Feb/3_liftover_to_GRCh38/output/{chrom}.ALSPAC_TWINSUK.maf01.beagle.csq.shapeit.20131101	CEDAR	ILMN_1760708	MONOCYTE_CD14	22	/Users/em21/Projects/genetics-finemapping/output/study_id=CEDAR/phenotype_id=ILMN_1760708/biofeature=MONOCYTE_CD14/chrom=22/top_loci.json	/Users/em21/Projects/genetics-finemapping/output/study_id=CEDAR/phenotype_id=ILMN_1760708/biofeature=MONOCYTE_CD14/chrom=22/credible_set.json	/Users/em21/Projects/genetics-finemapping/log/study_id=CEDAR/phenotype_id=ILMN_1760708/biofeature=MONOCYTE_CD14/chrom=22/logfile.txt	/Users/em21/Projects/genetics-finemapping/log/study_id=CEDAR/phenotype_id=ILMN_1760708/biofeature=MONOCYTE_CD14/chrom=22	conditional	6.131207847946046e-06
eqtl	/Users/em21/Projects/genetics-finemapping/example_data/sumstats/molecular_trait/CEDAR.parquet	/Users/em21/Projects/reference_data/uk10k_2019Feb/3_liftover_to_GRCh38/output/{chrom}.ALSPAC_TWINSUK.maf01.beagle.csq.shapeit.20131101	CEDAR	ILMN_1659029	MONOCYTE_CD14	22	/Users/em21/Projects/genetics-finemapping/output/study_id=CEDAR/phenotype_id=ILMN_1659029/biofeature=MONOCYTE_CD14/chrom=22/top_loci.json	/Users/em21/Projects/genetics-finemapping/output/study_id=CEDAR/phenotype_id=ILMN_1659029/biofeature=MONOCYTE_CD14/chrom=22/credible_set.json	/Users/em21/Projects/genetics-finemapping/log/study_id=CEDAR/phenotype_id=ILMN_1659029/biofeature=MONOCYTE_CD14/chrom=22/logfile.txt	/Users/em21/Projects/genetics-finemapping/log/study_id=CEDAR/phenotype_id=ILMN_1659029/biofeature=MONOCYTE_CD14/chrom=22	conditional	7.349698662354844e-06
